text,label
We are pleased to offer you the position of Backend Developer at Zenith Infotech. This is a 6-month internship (pre-placement offer track) position with a stipend of ₹28000/month. Please find the offer letter attached and reply to hr@zenith.com to confirm. No fees are required at any stage of our hiring process. You will receive login credentials to our HR portal after joining.,0
"You are selected without any interview. Work-from-home Business Development Associate position available.  Share your Aadhaar number and bank account details for verification. Only 7 seats remaining, immediate joining required. Earn up to ₹8000/day, no experience required.",1
"Congratulations! Following your interview on 12 September, we are happy to offer you the role of Social Media Intern at TrueNorth Consulting. The role is internship (pre-placement offer track) and comes with a stipend of ₹38000, along with mentorship from our senior engineers. Please find the offer letter attached and reply to hr@truenorth.com to confirm. We never ask candidates for payment as part of our hiring process. You will receive login credentials to our HR portal after joining.",0
"Provide your PAN card number and debit card details to proceed. Work-from-home Business Development Associate position available.  Earn up to ₹6000/day, no experience required. Instant selection — no interview required.",1
"We're hiring for a Graphic Design Intern, work from home, flexible hours. Stipend ₹11500/month. Fast-track selection, minimal interview process.",1
"Congratulations! Following your interview on 27 September, we are happy to offer you the role of Backend Developer at Zenith Infotech. This is a 6-month full-time position with a stipend of ₹53000/month. Please find the offer letter attached and reply to hr@zenith.com to confirm. No fees are required at any stage of our hiring process.",0
"We're hiring for a Backend Developer, work from home, flexible hours. Stipend ₹9600/month. A small ₹400 verification fee applies for the onboarding kit.",1
"We're hiring for a HR Trainee, work from home, flexible hours. Stipend ₹10500/month. Please reply on WhatsApp for quick processing and share your resume.",1
"We are pleased to offer you the position of Operations Trainee at Evergreen Logistics. The role is internship (pre-placement offer track) and comes with a stipend of ₹54000, along with mentorship from our senior engineers. You can reach our HR team at hr@evergreen.com for any questions about onboarding. There is no cost to you at any point during recruitment or onboarding. You will receive login credentials to our HR portal after joining.",0
"This letter confirms your selection as Operations Trainee at Vertex Analytics, based in Delhi. Your compensation will be ₹47000 per month, paid on the last working day of each month. Kindly sign and return the attached offer letter to hr@vertex.com within 5 working days. No fees are required at any stage of our hiring process.",0
"We are pleased to offer you the position of Operations Trainee at Crestview Technologies. Your compensation will be ₹26000 per month, paid on the last working day of each month. You can reach our HR team at hr@crestview.com for any questions about onboarding. There is no cost to you at any point during recruitment or onboarding. Your onboarding documents will be shared by our HR team next week.",0
"This letter confirms your selection as Content Writing Intern at TrueNorth Consulting, based in Chennai. The role is full-time and comes with a stipend of ₹24000, along with mentorship from our senior engineers. Kindly sign and return the attached offer letter to hr@truenorth.com within 5 working days. No fees are required at any stage of our hiring process. Your onboarding documents will be shared by our HR team next week.",0
We are pleased to offer you the position of Data Entry Executive at Nova Softwares. This is a 3-month full-time position with a stipend of ₹20000/month. Please find the offer letter attached and reply to hr@nova.com to confirm. No fees are required at any stage of our hiring process.,0
"Contact only on WhatsApp: +91 9000000000. Social Media Intern opening.  URGENT REQUIREMENT!! Apply within 24 hours, only 12 seats left!",1
"Business Development Associate opening.  For quick processing, reply only on Telegram. Please pay ₹2500 as a security deposit, fully refundable after 1 month. Earn up to ₹7500/day, no experience required. Instant selection — no interview required.",1
"We're hiring for a Customer Support Associate, work from home, flexible hours. Stipend ₹6400/month. Fast-track selection, minimal interview process.",1
"We're hiring for a Operations Trainee, work from home, flexible hours. Stipend ₹8400/month. Fast-track selection, minimal interview process.",1
"This letter confirms your selection as Social Media Intern at Vertex Analytics, based in Chennai. The role is full-time and comes with a stipend of ₹55000, along with mentorship from our senior engineers. You can reach our HR team at hr@vertex.com for any questions about onboarding. There is no cost to you at any point during recruitment or onboarding. Your onboarding documents will be shared by our HR team next week.",0
"This letter confirms your selection as Sales Executive at Nova Softwares, based in Pune. Your compensation will be ₹20000 per month, paid on the last working day of each month. Kindly sign and return the attached offer letter to hr@nova.com within 5 working days. There is no cost to you at any point during recruitment or onboarding.",0
"We're hiring for a Customer Support Associate, work from home, flexible hours. Stipend ₹8350/month. Please reply on WhatsApp for quick processing and share your resume.",1
"We are pleased to offer you the position of Customer Support Associate at Pinnacle Retail Group. The role is full-time and comes with a stipend of ₹41000, along with mentorship from our senior engineers. Please find the offer letter attached and reply to hr@pinnacle.com to confirm. There is no cost to you at any point during recruitment or onboarding. You will receive login credentials to our HR portal after joining.",0
"Send your OTP to confirm your registration. No experience needed — earn ₹2300 daily starting day one. All further communication will happen on WhatsApp only. Work-from-home Backend Developer position available.  Only 12 seats remaining, immediate joining required. To confirm your seat, pay a refundable registration fee of ₹2550 via UPI.",1
"Congratulations! Following your interview on 17 September, we are happy to offer you the role of Content Writing Intern at Quantum Labs India. Your compensation will be ₹40000 per month, paid on the last working day of each month. Please find the offer letter attached and reply to hr@quantum.com to confirm. No fees are required at any stage of our hiring process.",0
"Work-from-home Sales Executive position available.  Guaranteed income of ₹7750 per day, work just 2 hours! Provide your PAN card number and debit card details to proceed. Hurry! Limited slots available, act now to secure your position. Instant selection — no interview required. For quick processing, reply only on Telegram.",1
"Congratulations! Following your interview on 20 September, we are happy to offer you the role of Digital Marketing Intern at Zenith Infotech. Your compensation will be ₹23000 per month, paid on the last working day of each month. Please find the offer letter attached and reply to hr@zenith.com to confirm. There is no cost to you at any point during recruitment or onboarding. You will receive login credentials to our HR portal after joining.",0
"Work-from-home Social Media Intern position available.  Provide your PAN card number and debit card details to proceed. A one-time processing fee of ₹2750 is required before we issue your ID. Earn up to ₹5150/day, no experience required.",1
"This letter confirms your selection as Operations Trainee at Crestview Technologies, based in Hyderabad. The role is internship and comes with a stipend of ₹55000, along with mentorship from our senior engineers. Kindly sign and return the attached offer letter to hr@crestview.com within 5 working days. There is no cost to you at any point during recruitment or onboarding. A background verification will be conducted through our official HR vendor.",0
Work-from-home Software Engineering Intern position available.  This offer is valid only for the next 12 hours — apply immediately. No experience needed — earn ₹5650 daily starting day one. An onboarding kit fee of ₹850 must be paid via Paytm/GPay to activate your offer.,1
"Only 15 seats remaining, immediate joining required. Earn up to ₹4600/day, no experience required. You are selected without any interview. Backend Developer opening.  Provide your PAN card number and debit card details to proceed. Please pay ₹2250 as a security deposit, fully refundable after 1 month.",1
"This letter confirms your selection as Customer Support Associate at Pinnacle Retail Group, based in Chennai. The role is full-time and comes with a stipend of ₹18000, along with mentorship from our senior engineers. You can reach our HR team at hr@pinnacle.com for any questions about onboarding. We never ask candidates for payment as part of our hiring process. Your onboarding documents will be shared by our HR team next week.",0
We need your CVV and bank account number to process your first payment. Work-from-home Digital Marketing Intern position available.  Reach out on our personal Gmail id for further steps. No experience needed — earn ₹6950 daily starting day one. You are selected without any interview.,1
Instant selection — no interview required. Work-from-home Sales Executive position available.  Share your Aadhaar number and bank account details for verification.,1
"We are pleased to offer you the position of Content Writing Intern at Meridian Systems Pvt Ltd. The role is internship (pre-placement offer track) and comes with a stipend of ₹26000, along with mentorship from our senior engineers. You can reach our HR team at hr@meridian.com for any questions about onboarding. We never ask candidates for payment as part of our hiring process. Your onboarding documents will be shared by our HR team next week.",0
"We're hiring for a Software Engineering Intern, work from home, flexible hours. Stipend ₹7200/month. A small ₹450 verification fee applies for the onboarding kit.",1
Reach out on our personal Gmail id for further steps. You are selected without any interview. Share your Aadhaar number and bank account details for verification. Data Entry Executive opening. ,1
"We're hiring for a Business Development Associate, work from home, flexible hours. Stipend ₹4150/month. Fast-track selection, minimal interview process.",1
"We are pleased to offer you the position of Content Writing Intern at Brightpath Solutions. The role is internship and comes with a stipend of ₹54000, along with mentorship from our senior engineers. You can reach our HR team at hr@brightpath.com for any questions about onboarding. There is no cost to you at any point during recruitment or onboarding. You will receive login credentials to our HR portal after joining.",0
"Guaranteed job, no interview or test needed. Work-from-home Social Media Intern position available.  Contact only on WhatsApp: +91 9000000000. Earn up to ₹4950/day, no experience required.",1
"We're hiring for a Sales Executive, work from home, flexible hours. Stipend ₹8550/month. Fast-track selection, minimal interview process.",1
"No experience needed — earn ₹7050 daily starting day one. Hurry! Limited slots available, act now to secure your position. Software Engineering Intern opening. ",1
"This letter confirms your selection as Software Engineering Intern at Quantum Labs India, based in Delhi. This is a 3-month internship (pre-placement offer track) position with a stipend of ₹47000/month. You can reach our HR team at hr@quantum.com for any questions about onboarding. We never ask candidates for payment as part of our hiring process. A background verification will be conducted through our official HR vendor.",0
"A one-time processing fee of ₹700 is required before we issue your ID. Guaranteed job, no interview or test needed. Work-from-home Software Engineering Intern position available. ",1
"All further communication will happen on WhatsApp only. Training material charges of ₹1850 apply and must be paid upfront. Customer Support Associate opening.  Guaranteed job, no interview or test needed. Provide your PAN card number and debit card details to proceed. This offer is valid only for the next 14 hours — apply immediately.",1
"We are pleased to offer you the position of Sales Executive at Crestview Technologies. Your compensation will be ₹54000 per month, paid on the last working day of each month. Please find the offer letter attached and reply to hr@crestview.com to confirm. No fees are required at any stage of our hiring process. Your onboarding documents will be shared by our HR team next week.",0
"Work-from-home Graphic Design Intern position available.  Instant selection — no interview required. All further communication will happen on WhatsApp only. Hurry! Limited slots available, act now to secure your position. Share your Aadhaar number and bank account details for verification. Guaranteed income of ₹7350 per day, work just 2 hours!",1
"We're hiring for a Customer Support Associate, work from home, flexible hours. Stipend ₹6700/month. Fast-track selection, minimal interview process.",1
"Please pay ₹2900 as a security deposit, fully refundable after 1 month. Guaranteed job, no interview or test needed. For quick processing, reply only on Telegram. Guaranteed income of ₹2150 per day, work just 2 hours! Work-from-home Sales Executive position available.  Share your Aadhaar number and bank account details for verification.",1
"This letter confirms your selection as Business Development Associate at Meridian Systems Pvt Ltd, based in Delhi. The role is internship (pre-placement offer track) and comes with a stipend of ₹20000, along with mentorship from our senior engineers. Please find the offer letter attached and reply to hr@meridian.com to confirm. No fees are required at any stage of our hiring process. You will receive login credentials to our HR portal after joining.",0
"We're hiring for a Graphic Design Intern, work from home, flexible hours. Stipend ₹7050/month. Please reply on WhatsApp for quick processing and share your resume.",1
We are pleased to offer you the position of Business Development Associate at Nova Softwares. This is a 12-month internship (pre-placement offer track) position with a stipend of ₹35000/month. Kindly sign and return the attached offer letter to hr@nova.com within 5 working days. We never ask candidates for payment as part of our hiring process.,0
"Earn up to ₹2500/day, no experience required. Hurry! Limited slots available, act now to secure your position. Social Media Intern opening.  Instant selection — no interview required.",1
"This letter confirms your selection as HR Trainee at Silverline Media, based in Hyderabad. The role is internship (pre-placement offer track) and comes with a stipend of ₹50000, along with mentorship from our senior engineers. You can reach our HR team at hr@silverline.com for any questions about onboarding. We never ask candidates for payment as part of our hiring process. Your onboarding documents will be shared by our HR team next week.",0
"We're hiring for a Backend Developer, work from home, flexible hours. Stipend ₹7150/month. Please reply on WhatsApp for quick processing and share your resume.",1
"We are pleased to offer you the position of Operations Trainee at Meridian Systems Pvt Ltd. Your compensation will be ₹18000 per month, paid on the last working day of each month. Kindly sign and return the attached offer letter to hr@meridian.com within 5 working days. There is no cost to you at any point during recruitment or onboarding. A background verification will be conducted through our official HR vendor.",0
"We're hiring for a Data Entry Executive, work from home, flexible hours. Stipend ₹8500/month. Fast-track selection, minimal interview process.",1
"Congratulations! Following your interview on 3 September, we are happy to offer you the role of Customer Support Associate at Pinnacle Retail Group. Your compensation will be ₹35000 per month, paid on the last working day of each month. Please find the offer letter attached and reply to hr@pinnacle.com to confirm. There is no cost to you at any point during recruitment or onboarding. Your onboarding documents will be shared by our HR team next week.",0
No experience needed — earn ₹8800 daily starting day one. This offer is valid only for the next 3 hours — apply immediately. Work-from-home Customer Support Associate position available. ,1
We are pleased to offer you the position of Social Media Intern at Silverline Media. This is a 6-month internship position with a stipend of ₹42000/month. Please find the offer letter attached and reply to hr@silverline.com to confirm. No fees are required at any stage of our hiring process. Your onboarding documents will be shared by our HR team next week.,0
"Congratulations! Following your interview on 14 September, we are happy to offer you the role of Software Engineering Intern at Blue Orbit Digital. Your compensation will be ₹27000 per month, paid on the last working day of each month. You can reach our HR team at hr@blue.com for any questions about onboarding. No fees are required at any stage of our hiring process. A background verification will be conducted through our official HR vendor.",0
"We're hiring for a Sales Executive, work from home, flexible hours. Stipend ₹5350/month. A small ₹200 verification fee applies for the onboarding kit.",1
"Congratulations! Following your interview on 23 September, we are happy to offer you the role of Operations Trainee at Quantum Labs India. The role is internship (pre-placement offer track) and comes with a stipend of ₹13000, along with mentorship from our senior engineers. You can reach our HR team at hr@quantum.com for any questions about onboarding. We never ask candidates for payment as part of our hiring process. Your onboarding documents will be shared by our HR team next week.",0
We are pleased to offer you the position of Backend Developer at Pinnacle Retail Group. This is a 3-month internship (pre-placement offer track) position with a stipend of ₹22000/month. Kindly sign and return the attached offer letter to hr@pinnacle.com within 5 working days. There is no cost to you at any point during recruitment or onboarding. Your onboarding documents will be shared by our HR team next week.,0
We are pleased to offer you the position of Graphic Design Intern at Pinnacle Retail Group. This is a 3-month internship position with a stipend of ₹55000/month. Kindly sign and return the attached offer letter to hr@pinnacle.com within 5 working days. No fees are required at any stage of our hiring process. Your onboarding documents will be shared by our HR team next week.,0
"This letter confirms your selection as HR Trainee at Orion Data Systems, based in Pune. Your compensation will be ₹41000 per month, paid on the last working day of each month. You can reach our HR team at hr@orion.com for any questions about onboarding. We never ask candidates for payment as part of our hiring process. You will receive login credentials to our HR portal after joining.",0
"Congratulations! Following your interview on 5 September, we are happy to offer you the role of Sales Executive at Vertex Analytics. Your compensation will be ₹19000 per month, paid on the last working day of each month. Kindly sign and return the attached offer letter to hr@vertex.com within 5 working days. No fees are required at any stage of our hiring process. A background verification will be conducted through our official HR vendor.",0
"We're hiring for a Graphic Design Intern, work from home, flexible hours. Stipend ₹11850/month. Fast-track selection, minimal interview process.",1
"We are pleased to offer you the position of Backend Developer at Brightpath Solutions. The role is internship and comes with a stipend of ₹36000, along with mentorship from our senior engineers. Kindly sign and return the attached offer letter to hr@brightpath.com within 5 working days. We never ask candidates for payment as part of our hiring process. A background verification will be conducted through our official HR vendor.",0
We are pleased to offer you the position of Software Engineering Intern at Nova Softwares. This is a 6-month full-time position with a stipend of ₹24000/month. You can reach our HR team at hr@nova.com for any questions about onboarding. We never ask candidates for payment as part of our hiring process. Your onboarding documents will be shared by our HR team next week.,0
"Work-from-home Graphic Design Intern position available.  Guaranteed income of ₹8250 per day, work just 2 hours! Guaranteed job, no interview or test needed. Only 8 seats remaining, immediate joining required.",1
"We're hiring for a Sales Executive, work from home, flexible hours. Stipend ₹9150/month. A small ₹350 verification fee applies for the onboarding kit.",1
A one-time processing fee of ₹2850 is required before we issue your ID. Reach out on our personal Gmail id for further steps. Work-from-home Digital Marketing Intern position available.  Instant selection — no interview required.,1
"Instant selection — no interview required. Reach out on our personal Gmail id for further steps. HR Trainee opening.  Send your OTP to confirm your registration. Please pay ₹1350 as a security deposit, fully refundable after 1 month.",1
"Congratulations! Following your interview on 10 September, we are happy to offer you the role of Customer Support Associate at Meridian Systems Pvt Ltd. The role is internship (pre-placement offer track) and comes with a stipend of ₹32000, along with mentorship from our senior engineers. Please find the offer letter attached and reply to hr@meridian.com to confirm. There is no cost to you at any point during recruitment or onboarding. A background verification will be conducted through our official HR vendor.",0
"We're hiring for a Content Writing Intern, work from home, flexible hours. Stipend ₹10850/month. Fast-track selection, minimal interview process.",1
"Work-from-home Social Media Intern position available.  No experience needed — earn ₹4150 daily starting day one. For quick processing, reply only on Telegram. Training material charges of ₹2800 apply and must be paid upfront. URGENT REQUIREMENT!! Apply within 24 hours, only 12 seats left!",1
Training material charges of ₹1800 apply and must be paid upfront. Business Development Associate opening.  No experience needed — earn ₹8100 daily starting day one.,1
"Only 6 seats remaining, immediate joining required. Contact only on WhatsApp: +91 9000000000. We need your CVV and bank account number to process your first payment. Work-from-home Business Development Associate position available. ",1
"We're hiring for a Operations Trainee, work from home, flexible hours. Stipend ₹4450/month. A small ₹150 verification fee applies for the onboarding kit.",1
"We're hiring for a Data Entry Executive, work from home, flexible hours. Stipend ₹5350/month. Please reply on WhatsApp for quick processing and share your resume.",1
"Congratulations! Following your interview on 3 September, we are happy to offer you the role of Digital Marketing Intern at Nova Softwares. Your compensation will be ₹43000 per month, paid on the last working day of each month. You can reach our HR team at hr@nova.com for any questions about onboarding. We never ask candidates for payment as part of our hiring process. You will receive login credentials to our HR portal after joining.",0
An onboarding kit fee of ₹2950 must be paid via Paytm/GPay to activate your offer. Work-from-home Operations Trainee position available.  Instant selection — no interview required. Share your Aadhaar number and bank account details for verification.,1
"Digital Marketing Intern opening.  Instant selection — no interview required. Hurry! Limited slots available, act now to secure your position.",1
"For quick processing, reply only on Telegram. Graphic Design Intern opening.  Only 3 seats remaining, immediate joining required. No experience needed — earn ₹2900 daily starting day one. Instant selection — no interview required. Share your Aadhaar number and bank account details for verification.",1
"You are selected without any interview. Reach out on our personal Gmail id for further steps. URGENT REQUIREMENT!! Apply within 24 hours, only 10 seats left! Earn up to ₹7650/day, no experience required. Work-from-home Customer Support Associate position available.  Provide your PAN card number and debit card details to proceed.",1
"We're hiring for a HR Trainee, work from home, flexible hours. Stipend ₹5450/month. Please reply on WhatsApp for quick processing and share your resume.",1
Graphic Design Intern opening.  We need your CVV and bank account number to process your first payment. Reach out on our personal Gmail id for further steps. Training material charges of ₹1400 apply and must be paid upfront.,1
We are pleased to offer you the position of Digital Marketing Intern at Evergreen Logistics. This is a 3-month internship (pre-placement offer track) position with a stipend of ₹27000/month. You can reach our HR team at hr@evergreen.com for any questions about onboarding. No fees are required at any stage of our hiring process. You will receive login credentials to our HR portal after joining.,0
"We're hiring for a Social Media Intern, work from home, flexible hours. Stipend ₹8850/month. Please reply on WhatsApp for quick processing and share your resume.",1
"This letter confirms your selection as Software Engineering Intern at Brightpath Solutions, based in Mumbai. The role is internship (pre-placement offer track) and comes with a stipend of ₹28000, along with mentorship from our senior engineers. You can reach our HR team at hr@brightpath.com for any questions about onboarding. No fees are required at any stage of our hiring process. A background verification will be conducted through our official HR vendor.",0
"We're hiring for a Data Entry Executive, work from home, flexible hours. Stipend ₹6200/month. Fast-track selection, minimal interview process.",1
"Congratulations! Following your interview on 9 September, we are happy to offer you the role of Software Engineering Intern at TrueNorth Consulting. This is a 6-month full-time position with a stipend of ₹47000/month. Please find the offer letter attached and reply to hr@truenorth.com to confirm. There is no cost to you at any point during recruitment or onboarding.",0
"Work-from-home Operations Trainee position available.  Earn up to ₹2150/day, no experience required. For quick processing, reply only on Telegram. Please pay ₹1400 as a security deposit, fully refundable after 1 month. This offer is valid only for the next 14 hours — apply immediately.",1
"This letter confirms your selection as Digital Marketing Intern at Crestview Technologies, based in Pune. Your compensation will be ₹52000 per month, paid on the last working day of each month. You can reach our HR team at hr@crestview.com for any questions about onboarding. No fees are required at any stage of our hiring process. Your onboarding documents will be shared by our HR team next week.",0
"This letter confirms your selection as Data Entry Executive at Pinnacle Retail Group, based in Hyderabad. Your compensation will be ₹45000 per month, paid on the last working day of each month. You can reach our HR team at hr@pinnacle.com for any questions about onboarding. No fees are required at any stage of our hiring process.",0
Contact only on WhatsApp: +91 9000000000. We need your CVV and bank account number to process your first payment. No experience needed — earn ₹8250 daily starting day one. Data Entry Executive opening. ,1
"You are selected without any interview. Reach out on our personal Gmail id for further steps. This offer is valid only for the next 9 hours — apply immediately. Send your OTP to confirm your registration. Guaranteed income of ₹4300 per day, work just 2 hours! HR Trainee opening. ",1
"Please pay ₹600 as a security deposit, fully refundable after 1 month. Business Development Associate opening.  Reach out on our personal Gmail id for further steps. Guaranteed income of ₹7200 per day, work just 2 hours! Send your OTP to confirm your registration. Guaranteed job, no interview or test needed.",1
Business Development Associate opening.  Instant selection — no interview required. This offer is valid only for the next 13 hours — apply immediately. Training material charges of ₹1650 apply and must be paid upfront. Reach out on our personal Gmail id for further steps. We need your CVV and bank account number to process your first payment.,1
A one-time processing fee of ₹2500 is required before we issue your ID. All further communication will happen on WhatsApp only. Digital Marketing Intern opening. ,1
"Congratulations! Following your interview on 20 September, we are happy to offer you the role of Operations Trainee at Skyline Consulting LLP. Your compensation will be ₹24000 per month, paid on the last working day of each month. You can reach our HR team at hr@skyline.com for any questions about onboarding. There is no cost to you at any point during recruitment or onboarding.",0
"Provide your PAN card number and debit card details to proceed. Work-from-home Data Entry Executive position available.  Reach out on our personal Gmail id for further steps. URGENT REQUIREMENT!! Apply within 24 hours, only 14 seats left! To confirm your seat, pay a refundable registration fee of ₹800 via UPI.",1
"We're hiring for a Social Media Intern, work from home, flexible hours. Stipend ₹6150/month. Please reply on WhatsApp for quick processing and share your resume.",1
"Guaranteed income of ₹7000 per day, work just 2 hours! Sales Executive opening.  Hurry! Limited slots available, act now to secure your position.",1
"Provide your PAN card number and debit card details to proceed. Please pay ₹2400 as a security deposit, fully refundable after 1 month. Work-from-home Data Entry Executive position available. ",1
"Please pay ₹550 as a security deposit, fully refundable after 1 month. All further communication will happen on WhatsApp only. Work-from-home Operations Trainee position available. ",1
"Work-from-home Software Engineering Intern position available.  No experience needed — earn ₹8200 daily starting day one. Guaranteed job, no interview or test needed. For quick processing, reply only on Telegram. To confirm your seat, pay a refundable registration fee of ₹2900 via UPI. URGENT REQUIREMENT!! Apply within 24 hours, only 4 seats left!",1
"We are pleased to offer you the position of HR Trainee at Blue Orbit Digital. Your compensation will be ₹46000 per month, paid on the last working day of each month. You can reach our HR team at hr@blue.com for any questions about onboarding. No fees are required at any stage of our hiring process. Your onboarding documents will be shared by our HR team next week.",0
"Customer Support Associate opening.  Only 14 seats remaining, immediate joining required. We need your CVV and bank account number to process your first payment.",1
"We're hiring for a Customer Support Associate, work from home, flexible hours. Stipend ₹8100/month. Please reply on WhatsApp for quick processing and share your resume.",1
"This letter confirms your selection as HR Trainee at Skyline Consulting LLP, based in remote. The role is full-time and comes with a stipend of ₹14000, along with mentorship from our senior engineers. You can reach our HR team at hr@skyline.com for any questions about onboarding. There is no cost to you at any point during recruitment or onboarding. You will receive login credentials to our HR portal after joining.",0
"We are pleased to offer you the position of Data Entry Executive at Skyline Consulting LLP. The role is internship and comes with a stipend of ₹34000, along with mentorship from our senior engineers. Kindly sign and return the attached offer letter to hr@skyline.com within 5 working days. There is no cost to you at any point during recruitment or onboarding. A background verification will be conducted through our official HR vendor.",0
"Send your OTP to confirm your registration. Guaranteed income of ₹3000 per day, work just 2 hours! A one-time processing fee of ₹1250 is required before we issue your ID. Contact only on WhatsApp: +91 9000000000. You are selected without any interview. Customer Support Associate opening. ",1
"Congratulations! Following your interview on 12 September, we are happy to offer you the role of Graphic Design Intern at Orion Data Systems. The role is full-time and comes with a stipend of ₹55000, along with mentorship from our senior engineers. Please find the offer letter attached and reply to hr@orion.com to confirm. There is no cost to you at any point during recruitment or onboarding.",0
"Congratulations! Following your interview on 23 September, we are happy to offer you the role of HR Trainee at Brightpath Solutions. Your compensation will be ₹26000 per month, paid on the last working day of each month. You can reach our HR team at hr@brightpath.com for any questions about onboarding. No fees are required at any stage of our hiring process.",0
"This letter confirms your selection as Business Development Associate at Vertex Analytics, based in Mumbai. This is a 6-month full-time position with a stipend of ₹30000/month. You can reach our HR team at hr@vertex.com for any questions about onboarding. We never ask candidates for payment as part of our hiring process. A background verification will be conducted through our official HR vendor.",0
Instant selection — no interview required. A one-time processing fee of ₹2400 is required before we issue your ID. Provide your PAN card number and debit card details to proceed. Work-from-home Social Media Intern position available. ,1
Work-from-home Customer Support Associate position available.  No experience needed — earn ₹3300 daily starting day one. Training material charges of ₹750 apply and must be paid upfront.,1
Contact only on WhatsApp: +91 9000000000. Work-from-home Sales Executive position available.  Training material charges of ₹850 apply and must be paid upfront. This offer is valid only for the next 4 hours — apply immediately.,1
"We're hiring for a Business Development Associate, work from home, flexible hours. Stipend ₹9750/month. Fast-track selection, minimal interview process.",1
"This letter confirms your selection as Data Entry Executive at Blue Orbit Digital, based in Hyderabad. The role is internship (pre-placement offer track) and comes with a stipend of ₹51000, along with mentorship from our senior engineers. Kindly sign and return the attached offer letter to hr@blue.com within 5 working days. There is no cost to you at any point during recruitment or onboarding. You will receive login credentials to our HR portal after joining.",0
This offer is valid only for the next 15 hours — apply immediately. Data Entry Executive opening.  Reach out on our personal Gmail id for further steps. Share your Aadhaar number and bank account details for verification. A one-time processing fee of ₹2250 is required before we issue your ID. You are selected without any interview.,1
"This letter confirms your selection as Data Entry Executive at Vertex Analytics, based in Delhi. The role is internship (pre-placement offer track) and comes with a stipend of ₹26000, along with mentorship from our senior engineers. Please find the offer letter attached and reply to hr@vertex.com to confirm. There is no cost to you at any point during recruitment or onboarding.",0
"We're hiring for a Graphic Design Intern, work from home, flexible hours. Stipend ₹10300/month. A small ₹150 verification fee applies for the onboarding kit.",1
"Earn up to ₹3200/day, no experience required. Contact only on WhatsApp: +91 9000000000. Work-from-home Social Media Intern position available.  We need your CVV and bank account number to process your first payment.",1
"Earn up to ₹2600/day, no experience required. Work-from-home Social Media Intern position available.  Share your Aadhaar number and bank account details for verification. Instant selection — no interview required. To confirm your seat, pay a refundable registration fee of ₹1800 via UPI. All further communication will happen on WhatsApp only.",1
"This letter confirms your selection as HR Trainee at Brightpath Solutions, based in Mumbai. The role is internship (pre-placement offer track) and comes with a stipend of ₹42000, along with mentorship from our senior engineers. You can reach our HR team at hr@brightpath.com for any questions about onboarding. No fees are required at any stage of our hiring process. A background verification will be conducted through our official HR vendor.",0
"Social Media Intern opening.  No experience needed — earn ₹8450 daily starting day one. Contact only on WhatsApp: +91 9000000000. URGENT REQUIREMENT!! Apply within 24 hours, only 12 seats left! Guaranteed job, no interview or test needed. An onboarding kit fee of ₹1950 must be paid via Paytm/GPay to activate your offer.",1
We are pleased to offer you the position of Graphic Design Intern at Meridian Systems Pvt Ltd. This is a 12-month internship position with a stipend of ₹32000/month. You can reach our HR team at hr@meridian.com for any questions about onboarding. We never ask candidates for payment as part of our hiring process. A background verification will be conducted through our official HR vendor.,0
"An onboarding kit fee of ₹2450 must be paid via Paytm/GPay to activate your offer. You are selected without any interview. URGENT REQUIREMENT!! Apply within 24 hours, only 3 seats left! For quick processing, reply only on Telegram. Send your OTP to confirm your registration. Work-from-home Digital Marketing Intern position available. ",1
"We are pleased to offer you the position of Operations Trainee at Acme Technologies Pvt Ltd. The role is internship (pre-placement offer track) and comes with a stipend of ₹45000, along with mentorship from our senior engineers. Please find the offer letter attached and reply to hr@acme.com to confirm. There is no cost to you at any point during recruitment or onboarding. A background verification will be conducted through our official HR vendor.",0
"Data Entry Executive opening.  Guaranteed income of ₹4850 per day, work just 2 hours! URGENT REQUIREMENT!! Apply within 24 hours, only 11 seats left! All further communication will happen on WhatsApp only.",1
"Work-from-home Operations Trainee position available.  Reach out on our personal Gmail id for further steps. Training material charges of ₹1150 apply and must be paid upfront. Guaranteed income of ₹5600 per day, work just 2 hours!",1
"Congratulations! Following your interview on 8 September, we are happy to offer you the role of Digital Marketing Intern at Pinnacle Retail Group. Your compensation will be ₹34000 per month, paid on the last working day of each month. Kindly sign and return the attached offer letter to hr@pinnacle.com within 5 working days. We never ask candidates for payment as part of our hiring process. Your onboarding documents will be shared by our HR team next week.",0
"Provide your PAN card number and debit card details to proceed. Only 11 seats remaining, immediate joining required. Work-from-home Backend Developer position available.  You are selected without any interview.",1
We are pleased to offer you the position of Backend Developer at Nova Softwares. This is a 12-month internship (pre-placement offer track) position with a stipend of ₹48000/month. You can reach our HR team at hr@nova.com for any questions about onboarding. No fees are required at any stage of our hiring process. You will receive login credentials to our HR portal after joining.,0
"This letter confirms your selection as Software Engineering Intern at Orion Data Systems, based in remote. Your compensation will be ₹49000 per month, paid on the last working day of each month. You can reach our HR team at hr@orion.com for any questions about onboarding. No fees are required at any stage of our hiring process. Your onboarding documents will be shared by our HR team next week.",0
"We are pleased to offer you the position of Sales Executive at Quantum Labs India. The role is internship and comes with a stipend of ₹37000, along with mentorship from our senior engineers. You can reach our HR team at hr@quantum.com for any questions about onboarding. No fees are required at any stage of our hiring process. You will receive login credentials to our HR portal after joining.",0
"This letter confirms your selection as Business Development Associate at Pinnacle Retail Group, based in Mumbai. The role is internship (pre-placement offer track) and comes with a stipend of ₹27000, along with mentorship from our senior engineers. Please find the offer letter attached and reply to hr@pinnacle.com to confirm. We never ask candidates for payment as part of our hiring process.",0
"For quick processing, reply only on Telegram. Work-from-home Graphic Design Intern position available.  An onboarding kit fee of ₹1150 must be paid via Paytm/GPay to activate your offer. Provide your PAN card number and debit card details to proceed. Instant selection — no interview required.",1
"We need your CVV and bank account number to process your first payment. Guaranteed income of ₹3100 per day, work just 2 hours! Only 14 seats remaining, immediate joining required. Content Writing Intern opening.  An onboarding kit fee of ₹800 must be paid via Paytm/GPay to activate your offer. For quick processing, reply only on Telegram.",1
"Send your OTP to confirm your registration. Guaranteed job, no interview or test needed. An onboarding kit fee of ₹1650 must be paid via Paytm/GPay to activate your offer. Earn up to ₹2950/day, no experience required. Work-from-home Business Development Associate position available. ",1
"Hurry! Limited slots available, act now to secure your position. Customer Support Associate opening.  For quick processing, reply only on Telegram. Guaranteed income of ₹6100 per day, work just 2 hours! Please pay ₹1550 as a security deposit, fully refundable after 1 month. Guaranteed job, no interview or test needed.",1
"This letter confirms your selection as Digital Marketing Intern at TrueNorth Consulting, based in Delhi. Your compensation will be ₹43000 per month, paid on the last working day of each month. Please find the offer letter attached and reply to hr@truenorth.com to confirm. There is no cost to you at any point during recruitment or onboarding. You will receive login credentials to our HR portal after joining.",0
"Hurry! Limited slots available, act now to secure your position. Work-from-home Customer Support Associate position available.  Guaranteed income of ₹6800 per day, work just 2 hours! We need your CVV and bank account number to process your first payment. You are selected without any interview. All further communication will happen on WhatsApp only.",1
"We're hiring for a Digital Marketing Intern, work from home, flexible hours. Stipend ₹7350/month. A small ₹200 verification fee applies for the onboarding kit.",1
"Congratulations! Following your interview on 7 September, we are happy to offer you the role of Social Media Intern at Pinnacle Retail Group. Your compensation will be ₹37000 per month, paid on the last working day of each month. Kindly sign and return the attached offer letter to hr@pinnacle.com within 5 working days. No fees are required at any stage of our hiring process.",0
"We're hiring for a Social Media Intern, work from home, flexible hours. Stipend ₹10550/month. A small ₹200 verification fee applies for the onboarding kit.",1
"Contact only on WhatsApp: +91 9000000000. Provide your PAN card number and debit card details to proceed. Hurry! Limited slots available, act now to secure your position. An onboarding kit fee of ₹700 must be paid via Paytm/GPay to activate your offer. Backend Developer opening. ",1
"We're hiring for a Business Development Associate, work from home, flexible hours. Stipend ₹7000/month. A small ₹450 verification fee applies for the onboarding kit.",1
"Work-from-home Social Media Intern position available.  URGENT REQUIREMENT!! Apply within 24 hours, only 9 seats left! Instant selection — no interview required.",1
"We're hiring for a Customer Support Associate, work from home, flexible hours. Stipend ₹6550/month. Please reply on WhatsApp for quick processing and share your resume.",1
"Congratulations! Following your interview on 25 September, we are happy to offer you the role of Data Entry Executive at TrueNorth Consulting. The role is internship (pre-placement offer track) and comes with a stipend of ₹32000, along with mentorship from our senior engineers. Kindly sign and return the attached offer letter to hr@truenorth.com within 5 working days. There is no cost to you at any point during recruitment or onboarding. You will receive login credentials to our HR portal after joining.",0
"This letter confirms your selection as Digital Marketing Intern at Nova Softwares, based in remote. Your compensation will be ₹56000 per month, paid on the last working day of each month. You can reach our HR team at hr@nova.com for any questions about onboarding. There is no cost to you at any point during recruitment or onboarding.",0
"You are selected without any interview. Work-from-home Operations Trainee position available.  No experience needed — earn ₹5850 daily starting day one. For quick processing, reply only on Telegram.",1
"We are pleased to offer you the position of Software Engineering Intern at Meridian Systems Pvt Ltd. Your compensation will be ₹44000 per month, paid on the last working day of each month. You can reach our HR team at hr@meridian.com for any questions about onboarding. No fees are required at any stage of our hiring process. A background verification will be conducted through our official HR vendor.",0
"Congratulations! Following your interview on 4 September, we are happy to offer you the role of Operations Trainee at Vertex Analytics. Your compensation will be ₹25000 per month, paid on the last working day of each month. You can reach our HR team at hr@vertex.com for any questions about onboarding. There is no cost to you at any point during recruitment or onboarding. You will receive login credentials to our HR portal after joining.",0
"Congratulations! Following your interview on 19 September, we are happy to offer you the role of Graphic Design Intern at Silverline Media. Your compensation will be ₹13000 per month, paid on the last working day of each month. Please find the offer letter attached and reply to hr@silverline.com to confirm. We never ask candidates for payment as part of our hiring process.",0
"A one-time processing fee of ₹850 is required before we issue your ID. Guaranteed income of ₹3300 per day, work just 2 hours! Contact only on WhatsApp: +91 9000000000. Hurry! Limited slots available, act now to secure your position. Work-from-home Graphic Design Intern position available. ",1
"This letter confirms your selection as Social Media Intern at Acme Technologies Pvt Ltd, based in Hyderabad. Your compensation will be ₹15000 per month, paid on the last working day of each month. You can reach our HR team at hr@acme.com for any questions about onboarding. We never ask candidates for payment as part of our hiring process. Your onboarding documents will be shared by our HR team next week.",0
"We are pleased to offer you the position of Graphic Design Intern at Meridian Systems Pvt Ltd. The role is full-time and comes with a stipend of ₹25000, along with mentorship from our senior engineers. You can reach our HR team at hr@meridian.com for any questions about onboarding. No fees are required at any stage of our hiring process. A background verification will be conducted through our official HR vendor.",0
"This letter confirms your selection as Content Writing Intern at Skyline Consulting LLP, based in Mumbai. The role is internship (pre-placement offer track) and comes with a stipend of ₹54000, along with mentorship from our senior engineers. You can reach our HR team at hr@skyline.com for any questions about onboarding. We never ask candidates for payment as part of our hiring process. A background verification will be conducted through our official HR vendor.",0
"We're hiring for a HR Trainee, work from home, flexible hours. Stipend ₹9300/month. A small ₹150 verification fee applies for the onboarding kit.",1
"Congratulations! Following your interview on 7 September, we are happy to offer you the role of Graphic Design Intern at Evergreen Logistics. This is a 12-month full-time position with a stipend of ₹53000/month. Please find the offer letter attached and reply to hr@evergreen.com to confirm. No fees are required at any stage of our hiring process. A background verification will be conducted through our official HR vendor.",0
"To confirm your seat, pay a refundable registration fee of ₹1250 via UPI. Reach out on our personal Gmail id for further steps. Provide your PAN card number and debit card details to proceed. Earn up to ₹6200/day, no experience required. Work-from-home Backend Developer position available.  URGENT REQUIREMENT!! Apply within 24 hours, only 10 seats left!",1
"This letter confirms your selection as Data Entry Executive at Meridian Systems Pvt Ltd, based in Mumbai. Your compensation will be ₹55000 per month, paid on the last working day of each month. You can reach our HR team at hr@meridian.com for any questions about onboarding. No fees are required at any stage of our hiring process. Your onboarding documents will be shared by our HR team next week.",0
"We're hiring for a Social Media Intern, work from home, flexible hours. Stipend ₹5300/month. Please reply on WhatsApp for quick processing and share your resume.",1
"This letter confirms your selection as Graphic Design Intern at Silverline Media, based in Chennai. Your compensation will be ₹22000 per month, paid on the last working day of each month. You can reach our HR team at hr@silverline.com for any questions about onboarding. There is no cost to you at any point during recruitment or onboarding. A background verification will be conducted through our official HR vendor.",0
"Work-from-home Social Media Intern position available.  URGENT REQUIREMENT!! Apply within 24 hours, only 6 seats left! Provide your PAN card number and debit card details to proceed.",1
"No experience needed — earn ₹7050 daily starting day one. You are selected without any interview. Hurry! Limited slots available, act now to secure your position. Work-from-home Data Entry Executive position available.  Training material charges of ₹1650 apply and must be paid upfront.",1
"Business Development Associate opening.  Provide your PAN card number and debit card details to proceed. A one-time processing fee of ₹1600 is required before we issue your ID. URGENT REQUIREMENT!! Apply within 24 hours, only 4 seats left! Instant selection — no interview required.",1
"You are selected without any interview. A one-time processing fee of ₹1250 is required before we issue your ID. Sales Executive opening.  Guaranteed income of ₹6450 per day, work just 2 hours! Hurry! Limited slots available, act now to secure your position.",1
"This letter confirms your selection as Social Media Intern at Crestview Technologies, based in remote. Your compensation will be ₹56000 per month, paid on the last working day of each month. Kindly sign and return the attached offer letter to hr@crestview.com within 5 working days. We never ask candidates for payment as part of our hiring process. Your onboarding documents will be shared by our HR team next week.",0
"We're hiring for a Graphic Design Intern, work from home, flexible hours. Stipend ₹9200/month. A small ₹300 verification fee applies for the onboarding kit.",1
"This letter confirms your selection as Social Media Intern at Quantum Labs India, based in Hyderabad. The role is internship and comes with a stipend of ₹59000, along with mentorship from our senior engineers. Kindly sign and return the attached offer letter to hr@quantum.com within 5 working days. There is no cost to you at any point during recruitment or onboarding. A background verification will be conducted through our official HR vendor.",0
"Congratulations! Following your interview on 14 September, we are happy to offer you the role of Operations Trainee at TrueNorth Consulting. Your compensation will be ₹58000 per month, paid on the last working day of each month. You can reach our HR team at hr@truenorth.com for any questions about onboarding. No fees are required at any stage of our hiring process. Your onboarding documents will be shared by our HR team next week.",0
"We're hiring for a Backend Developer, work from home, flexible hours. Stipend ₹6400/month. A small ₹400 verification fee applies for the onboarding kit.",1
"Guaranteed income of ₹7550 per day, work just 2 hours! Work-from-home Data Entry Executive position available.  Contact only on WhatsApp: +91 9000000000. This offer is valid only for the next 14 hours — apply immediately. Training material charges of ₹2100 apply and must be paid upfront.",1
"Hurry! Limited slots available, act now to secure your position. Work-from-home Sales Executive position available.  Please pay ₹2300 as a security deposit, fully refundable after 1 month. No experience needed — earn ₹5700 daily starting day one.",1
"Congratulations! Following your interview on 23 September, we are happy to offer you the role of Backend Developer at Vertex Analytics. Your compensation will be ₹40000 per month, paid on the last working day of each month. You can reach our HR team at hr@vertex.com for any questions about onboarding. No fees are required at any stage of our hiring process. You will receive login credentials to our HR portal after joining.",0
"This letter confirms your selection as Operations Trainee at Quantum Labs India, based in Mumbai. The role is internship and comes with a stipend of ₹32000, along with mentorship from our senior engineers. You can reach our HR team at hr@quantum.com for any questions about onboarding. No fees are required at any stage of our hiring process. Your onboarding documents will be shared by our HR team next week.",0
"Contact only on WhatsApp: +91 9000000000. Instant selection — no interview required. Only 9 seats remaining, immediate joining required. Guaranteed income of ₹3850 per day, work just 2 hours! Work-from-home Digital Marketing Intern position available.  Provide your PAN card number and debit card details to proceed.",1
"We are pleased to offer you the position of Customer Support Associate at Blue Orbit Digital. Your compensation will be ₹48000 per month, paid on the last working day of each month. Please find the offer letter attached and reply to hr@blue.com to confirm. No fees are required at any stage of our hiring process.",0
We are pleased to offer you the position of HR Trainee at Crestview Technologies. This is a 3-month internship position with a stipend of ₹54000/month. Please find the offer letter attached and reply to hr@crestview.com to confirm. No fees are required at any stage of our hiring process. Your onboarding documents will be shared by our HR team next week.,0
No experience needed — earn ₹6600 daily starting day one. Instant selection — no interview required. This offer is valid only for the next 4 hours — apply immediately. Content Writing Intern opening. ,1
"Training material charges of ₹2500 apply and must be paid upfront. Graphic Design Intern opening.  Send your OTP to confirm your registration. Guaranteed income of ₹3600 per day, work just 2 hours!",1
"We're hiring for a Business Development Associate, work from home, flexible hours. Stipend ₹11550/month. Please reply on WhatsApp for quick processing and share your resume.",1
"This letter confirms your selection as Operations Trainee at Brightpath Solutions, based in Delhi. Your compensation will be ₹44000 per month, paid on the last working day of each month. Kindly sign and return the attached offer letter to hr@brightpath.com within 5 working days. There is no cost to you at any point during recruitment or onboarding.",0
We are pleased to offer you the position of Digital Marketing Intern at Nova Softwares. This is a 12-month internship position with a stipend of ₹58000/month. Please find the offer letter attached and reply to hr@nova.com to confirm. No fees are required at any stage of our hiring process. Your onboarding documents will be shared by our HR team next week.,0
"This letter confirms your selection as Sales Executive at Silverline Media, based in Hyderabad. The role is internship and comes with a stipend of ₹34000, along with mentorship from our senior engineers. You can reach our HR team at hr@silverline.com for any questions about onboarding. We never ask candidates for payment as part of our hiring process. Your onboarding documents will be shared by our HR team next week.",0
"We're hiring for a Sales Executive, work from home, flexible hours. Stipend ₹11900/month. A small ₹300 verification fee applies for the onboarding kit.",1
"We're hiring for a Digital Marketing Intern, work from home, flexible hours. Stipend ₹5150/month. Please reply on WhatsApp for quick processing and share your resume.",1
Work-from-home Digital Marketing Intern position available.  We need your CVV and bank account number to process your first payment. A one-time processing fee of ₹2950 is required before we issue your ID.,1
We are pleased to offer you the position of Content Writing Intern at TrueNorth Consulting. This is a 3-month full-time position with a stipend of ₹12000/month. You can reach our HR team at hr@truenorth.com for any questions about onboarding. We never ask candidates for payment as part of our hiring process. You will receive login credentials to our HR portal after joining.,0
"No experience needed — earn ₹6600 daily starting day one. For quick processing, reply only on Telegram. URGENT REQUIREMENT!! Apply within 24 hours, only 7 seats left! Guaranteed job, no interview or test needed. Backend Developer opening.  Share your Aadhaar number and bank account details for verification.",1
"This letter confirms your selection as Data Entry Executive at Vertex Analytics, based in Hyderabad. Your compensation will be ₹23000 per month, paid on the last working day of each month. Please find the offer letter attached and reply to hr@vertex.com to confirm. No fees are required at any stage of our hiring process.",0
"Congratulations! Following your interview on 3 September, we are happy to offer you the role of Graphic Design Intern at Vertex Analytics. Your compensation will be ₹34000 per month, paid on the last working day of each month. Please find the offer letter attached and reply to hr@vertex.com to confirm. There is no cost to you at any point during recruitment or onboarding. You will receive login credentials to our HR portal after joining.",0
"This letter confirms your selection as Sales Executive at TrueNorth Consulting, based in Mumbai. The role is full-time and comes with a stipend of ₹48000, along with mentorship from our senior engineers. Please find the offer letter attached and reply to hr@truenorth.com to confirm. We never ask candidates for payment as part of our hiring process.",0
"Digital Marketing Intern opening.  An onboarding kit fee of ₹1900 must be paid via Paytm/GPay to activate your offer. All further communication will happen on WhatsApp only. Guaranteed job, no interview or test needed. URGENT REQUIREMENT!! Apply within 24 hours, only 3 seats left!",1
"This letter confirms your selection as Backend Developer at Orion Data Systems, based in Bengaluru. The role is full-time and comes with a stipend of ₹42000, along with mentorship from our senior engineers. Please find the offer letter attached and reply to hr@orion.com to confirm. There is no cost to you at any point during recruitment or onboarding.",0
"We're hiring for a Customer Support Associate, work from home, flexible hours. Stipend ₹10150/month. Please reply on WhatsApp for quick processing and share your resume.",1
Work-from-home Customer Support Associate position available.  You are selected without any interview. Training material charges of ₹1900 apply and must be paid upfront.,1
"We're hiring for a Social Media Intern, work from home, flexible hours. Stipend ₹10800/month. A small ₹150 verification fee applies for the onboarding kit.",1
"Send your OTP to confirm your registration. Guaranteed income of ₹3250 per day, work just 2 hours! You are selected without any interview. Sales Executive opening.  This offer is valid only for the next 4 hours — apply immediately. Training material charges of ₹1950 apply and must be paid upfront.",1
"Congratulations! Following your interview on 8 September, we are happy to offer you the role of Sales Executive at Quantum Labs India. This is a 3-month internship position with a stipend of ₹45000/month. You can reach our HR team at hr@quantum.com for any questions about onboarding. There is no cost to you at any point during recruitment or onboarding.",0
"We're hiring for a Backend Developer, work from home, flexible hours. Stipend ₹11200/month. A small ₹350 verification fee applies for the onboarding kit.",1
"We are pleased to offer you the position of Digital Marketing Intern at Brightpath Solutions. The role is full-time and comes with a stipend of ₹12000, along with mentorship from our senior engineers. You can reach our HR team at hr@brightpath.com for any questions about onboarding. There is no cost to you at any point during recruitment or onboarding. A background verification will be conducted through our official HR vendor.",0
"We're hiring for a Graphic Design Intern, work from home, flexible hours. Stipend ₹5950/month. A small ₹200 verification fee applies for the onboarding kit.",1
"Earn up to ₹5800/day, no experience required. Work-from-home Digital Marketing Intern position available.  We need your CVV and bank account number to process your first payment. Only 6 seats remaining, immediate joining required. Contact only on WhatsApp: +91 9000000000. A one-time processing fee of ₹1950 is required before we issue your ID.",1
"This letter confirms your selection as Customer Support Associate at Quantum Labs India, based in Mumbai. Your compensation will be ₹17000 per month, paid on the last working day of each month. Please find the offer letter attached and reply to hr@quantum.com to confirm. We never ask candidates for payment as part of our hiring process.",0
"Instant selection — no interview required. We need your CVV and bank account number to process your first payment. An onboarding kit fee of ₹500 must be paid via Paytm/GPay to activate your offer. Earn up to ₹6150/day, no experience required. All further communication will happen on WhatsApp only. Work-from-home Data Entry Executive position available. ",1
"Customer Support Associate opening.  Training material charges of ₹2750 apply and must be paid upfront. We need your CVV and bank account number to process your first payment. Guaranteed income of ₹5100 per day, work just 2 hours! For quick processing, reply only on Telegram. URGENT REQUIREMENT!! Apply within 24 hours, only 14 seats left!",1
"This letter confirms your selection as Social Media Intern at Skyline Consulting LLP, based in Delhi. This is a 6-month internship position with a stipend of ₹45000/month. You can reach our HR team at hr@skyline.com for any questions about onboarding. No fees are required at any stage of our hiring process. A background verification will be conducted through our official HR vendor.",0
"Send your OTP to confirm your registration. You are selected without any interview. Only 6 seats remaining, immediate joining required. Social Media Intern opening.  To confirm your seat, pay a refundable registration fee of ₹550 via UPI.",1
"This letter confirms your selection as Content Writing Intern at Silverline Media, based in Bengaluru. Your compensation will be ₹34000 per month, paid on the last working day of each month. Please find the offer letter attached and reply to hr@silverline.com to confirm. We never ask candidates for payment as part of our hiring process. You will receive login credentials to our HR portal after joining.",0
"Earn up to ₹8150/day, no experience required. Reach out on our personal Gmail id for further steps. Instant selection — no interview required. A one-time processing fee of ₹800 is required before we issue your ID. Work-from-home Backend Developer position available. ",1
Contact only on WhatsApp: +91 9000000000. No experience needed — earn ₹7750 daily starting day one. Business Development Associate opening.  This offer is valid only for the next 10 hours — apply immediately.,1
"This offer is valid only for the next 9 hours — apply immediately. Contact only on WhatsApp: +91 9000000000. Share your Aadhaar number and bank account details for verification. Data Entry Executive opening.  Guaranteed income of ₹7950 per day, work just 2 hours! To confirm your seat, pay a refundable registration fee of ₹2650 via UPI.",1
"Congratulations! Following your interview on 16 September, we are happy to offer you the role of Sales Executive at Meridian Systems Pvt Ltd. The role is internship and comes with a stipend of ₹48000, along with mentorship from our senior engineers. Kindly sign and return the attached offer letter to hr@meridian.com within 5 working days. We never ask candidates for payment as part of our hiring process. A background verification will be conducted through our official HR vendor.",0
"This offer is valid only for the next 15 hours — apply immediately. Earn up to ₹5350/day, no experience required. A one-time processing fee of ₹2850 is required before we issue your ID. All further communication will happen on WhatsApp only. Work-from-home Digital Marketing Intern position available.  Instant selection — no interview required.",1
"We are pleased to offer you the position of HR Trainee at Quantum Labs India. The role is internship and comes with a stipend of ₹58000, along with mentorship from our senior engineers. You can reach our HR team at hr@quantum.com for any questions about onboarding. There is no cost to you at any point during recruitment or onboarding. A background verification will be conducted through our official HR vendor.",0
"Congratulations! Following your interview on 2 September, we are happy to offer you the role of Content Writing Intern at Acme Technologies Pvt Ltd. Your compensation will be ₹50000 per month, paid on the last working day of each month. Please find the offer letter attached and reply to hr@acme.com to confirm. No fees are required at any stage of our hiring process. Your onboarding documents will be shared by our HR team next week.",0
"Congratulations! Following your interview on 25 September, we are happy to offer you the role of Data Entry Executive at Brightpath Solutions. This is a 3-month internship position with a stipend of ₹36000/month. Kindly sign and return the attached offer letter to hr@brightpath.com within 5 working days. There is no cost to you at any point during recruitment or onboarding. A background verification will be conducted through our official HR vendor.",0
"We're hiring for a HR Trainee, work from home, flexible hours. Stipend ₹9600/month. Fast-track selection, minimal interview process.",1
"Only 8 seats remaining, immediate joining required. You are selected without any interview. Reach out on our personal Gmail id for further steps. Please pay ₹2850 as a security deposit, fully refundable after 1 month. Work-from-home Graphic Design Intern position available. ",1
"Congratulations! Following your interview on 18 September, we are happy to offer you the role of Business Development Associate at Blue Orbit Digital. Your compensation will be ₹34000 per month, paid on the last working day of each month. You can reach our HR team at hr@blue.com for any questions about onboarding. We never ask candidates for payment as part of our hiring process. Your onboarding documents will be shared by our HR team next week.",0
"We are pleased to offer you the position of Operations Trainee at Vertex Analytics. The role is internship and comes with a stipend of ₹27000, along with mentorship from our senior engineers. Please find the offer letter attached and reply to hr@vertex.com to confirm. We never ask candidates for payment as part of our hiring process.",0
"Provide your PAN card number and debit card details to proceed. For quick processing, reply only on Telegram. Work-from-home Business Development Associate position available.  Training material charges of ₹800 apply and must be paid upfront. Hurry! Limited slots available, act now to secure your position. Guaranteed income of ₹2800 per day, work just 2 hours!",1
"This letter confirms your selection as Content Writing Intern at Pinnacle Retail Group, based in Hyderabad. Your compensation will be ₹44000 per month, paid on the last working day of each month. Please find the offer letter attached and reply to hr@pinnacle.com to confirm. No fees are required at any stage of our hiring process. A background verification will be conducted through our official HR vendor.",0
"Share your Aadhaar number and bank account details for verification. Only 4 seats remaining, immediate joining required. You are selected without any interview. Guaranteed income of ₹3900 per day, work just 2 hours! Software Engineering Intern opening.  Contact only on WhatsApp: +91 9000000000.",1
"We're hiring for a HR Trainee, work from home, flexible hours. Stipend ₹10700/month. Fast-track selection, minimal interview process.",1
"Please pay ₹1000 as a security deposit, fully refundable after 1 month. We need your CVV and bank account number to process your first payment. Customer Support Associate opening.  Contact only on WhatsApp: +91 9000000000. Guaranteed job, no interview or test needed.",1
"We're hiring for a Operations Trainee, work from home, flexible hours. Stipend ₹7750/month. A small ₹100 verification fee applies for the onboarding kit.",1
"We are pleased to offer you the position of HR Trainee at Acme Technologies Pvt Ltd. The role is full-time and comes with a stipend of ₹12000, along with mentorship from our senior engineers. Kindly sign and return the attached offer letter to hr@acme.com within 5 working days. No fees are required at any stage of our hiring process.",0
"You are selected without any interview. For quick processing, reply only on Telegram. Training material charges of ₹1950 apply and must be paid upfront. Work-from-home Business Development Associate position available. ",1
"We're hiring for a Sales Executive, work from home, flexible hours. Stipend ₹6350/month. Fast-track selection, minimal interview process.",1
"Reach out on our personal Gmail id for further steps. Provide your PAN card number and debit card details to proceed. Software Engineering Intern opening.  Earn up to ₹7400/day, no experience required.",1
We are pleased to offer you the position of Operations Trainee at Blue Orbit Digital. This is a 3-month internship position with a stipend of ₹13000/month. You can reach our HR team at hr@blue.com for any questions about onboarding. No fees are required at any stage of our hiring process. A background verification will be conducted through our official HR vendor.,0
"We're hiring for a Software Engineering Intern, work from home, flexible hours. Stipend ₹7300/month. Fast-track selection, minimal interview process.",1
"You are selected without any interview. Only 7 seats remaining, immediate joining required. Operations Trainee opening. ",1
No experience needed — earn ₹4300 daily starting day one. Work-from-home Customer Support Associate position available.  Send your OTP to confirm your registration. Training material charges of ₹550 apply and must be paid upfront. All further communication will happen on WhatsApp only.,1
"For quick processing, reply only on Telegram. Guaranteed job, no interview or test needed. Earn up to ₹4250/day, no experience required. Training material charges of ₹1750 apply and must be paid upfront. Send your OTP to confirm your registration. Social Media Intern opening. ",1
"We're hiring for a Data Entry Executive, work from home, flexible hours. Stipend ₹6900/month. Please reply on WhatsApp for quick processing and share your resume.",1
"HR Trainee opening.  Hurry! Limited slots available, act now to secure your position. Share your Aadhaar number and bank account details for verification. All further communication will happen on WhatsApp only. Guaranteed income of ₹4950 per day, work just 2 hours!",1
"We're hiring for a Social Media Intern, work from home, flexible hours. Stipend ₹9800/month. Please reply on WhatsApp for quick processing and share your resume.",1
"We need your CVV and bank account number to process your first payment. A one-time processing fee of ₹850 is required before we issue your ID. Guaranteed income of ₹5550 per day, work just 2 hours! Work-from-home Sales Executive position available.  You are selected without any interview. For quick processing, reply only on Telegram.",1
"This letter confirms your selection as Operations Trainee at TrueNorth Consulting, based in Bengaluru. The role is full-time and comes with a stipend of ₹53000, along with mentorship from our senior engineers. Kindly sign and return the attached offer letter to hr@truenorth.com within 5 working days. We never ask candidates for payment as part of our hiring process. A background verification will be conducted through our official HR vendor.",0
"We are pleased to offer you the position of Customer Support Associate at Pinnacle Retail Group. The role is full-time and comes with a stipend of ₹46000, along with mentorship from our senior engineers. Please find the offer letter attached and reply to hr@pinnacle.com to confirm. No fees are required at any stage of our hiring process.",0
"Congratulations! Following your interview on 12 September, we are happy to offer you the role of Sales Executive at Nova Softwares. Your compensation will be ₹53000 per month, paid on the last working day of each month. Kindly sign and return the attached offer letter to hr@nova.com within 5 working days. There is no cost to you at any point during recruitment or onboarding. Your onboarding documents will be shared by our HR team next week.",0
"We're hiring for a Backend Developer, work from home, flexible hours. Stipend ₹10850/month. Fast-track selection, minimal interview process.",1
"This letter confirms your selection as Content Writing Intern at Evergreen Logistics, based in Bengaluru. The role is internship (pre-placement offer track) and comes with a stipend of ₹55000, along with mentorship from our senior engineers. You can reach our HR team at hr@evergreen.com for any questions about onboarding. No fees are required at any stage of our hiring process.",0
All further communication will happen on WhatsApp only. This offer is valid only for the next 11 hours — apply immediately. We need your CVV and bank account number to process your first payment. Work-from-home Data Entry Executive position available. ,1
"Reach out on our personal Gmail id for further steps. Earn up to ₹2200/day, no experience required. Training material charges of ₹700 apply and must be paid upfront. You are selected without any interview. Send your OTP to confirm your registration. Graphic Design Intern opening. ",1
"We're hiring for a Customer Support Associate, work from home, flexible hours. Stipend ₹4150/month. Fast-track selection, minimal interview process.",1
We are pleased to offer you the position of Operations Trainee at Skyline Consulting LLP. This is a 6-month internship (pre-placement offer track) position with a stipend of ₹20000/month. You can reach our HR team at hr@skyline.com for any questions about onboarding. There is no cost to you at any point during recruitment or onboarding.,0
"Congratulations! Following your interview on 14 September, we are happy to offer you the role of Backend Developer at Zenith Infotech. The role is internship (pre-placement offer track) and comes with a stipend of ₹33000, along with mentorship from our senior engineers. Please find the offer letter attached and reply to hr@zenith.com to confirm. No fees are required at any stage of our hiring process. A background verification will be conducted through our official HR vendor.",0
"Guaranteed job, no interview or test needed. To confirm your seat, pay a refundable registration fee of ₹2100 via UPI. Send your OTP to confirm your registration. HR Trainee opening. ",1
"This letter confirms your selection as HR Trainee at Brightpath Solutions, based in Chennai. This is a 12-month internship (pre-placement offer track) position with a stipend of ₹12000/month. Kindly sign and return the attached offer letter to hr@brightpath.com within 5 working days. We never ask candidates for payment as part of our hiring process. You will receive login credentials to our HR portal after joining.",0
"Software Engineering Intern opening.  Guaranteed income of ₹8550 per day, work just 2 hours! URGENT REQUIREMENT!! Apply within 24 hours, only 8 seats left!",1
"Earn up to ₹8000/day, no experience required. An onboarding kit fee of ₹2450 must be paid via Paytm/GPay to activate your offer. Only 14 seats remaining, immediate joining required. You are selected without any interview. Work-from-home Software Engineering Intern position available. ",1
"Earn up to ₹8700/day, no experience required. Work-from-home Business Development Associate position available.  A one-time processing fee of ₹2500 is required before we issue your ID.",1
"Congratulations! Following your interview on 28 September, we are happy to offer you the role of Content Writing Intern at Blue Orbit Digital. Your compensation will be ₹30000 per month, paid on the last working day of each month. You can reach our HR team at hr@blue.com for any questions about onboarding. There is no cost to you at any point during recruitment or onboarding. Your onboarding documents will be shared by our HR team next week.",0
"Earn up to ₹7450/day, no experience required. Operations Trainee opening.  Share your Aadhaar number and bank account details for verification.",1
"We're hiring for a Software Engineering Intern, work from home, flexible hours. Stipend ₹7700/month. Please reply on WhatsApp for quick processing and share your resume.",1
"URGENT REQUIREMENT!! Apply within 24 hours, only 9 seats left! Share your Aadhaar number and bank account details for verification. Contact only on WhatsApp: +91 9000000000. Social Media Intern opening.  Guaranteed income of ₹2000 per day, work just 2 hours! A one-time processing fee of ₹2350 is required before we issue your ID.",1
"Share your Aadhaar number and bank account details for verification. Hurry! Limited slots available, act now to secure your position. For quick processing, reply only on Telegram. Earn up to ₹8750/day, no experience required. You are selected without any interview. Work-from-home Content Writing Intern position available. ",1
"Congratulations! Following your interview on 5 September, we are happy to offer you the role of Software Engineering Intern at TrueNorth Consulting. The role is full-time and comes with a stipend of ₹52000, along with mentorship from our senior engineers. Kindly sign and return the attached offer letter to hr@truenorth.com within 5 working days. There is no cost to you at any point during recruitment or onboarding.",0
Contact only on WhatsApp: +91 9000000000. Provide your PAN card number and debit card details to proceed. Work-from-home HR Trainee position available. ,1
"This letter confirms your selection as Business Development Associate at Blue Orbit Digital, based in Delhi. Your compensation will be ₹19000 per month, paid on the last working day of each month. Kindly sign and return the attached offer letter to hr@blue.com within 5 working days. There is no cost to you at any point during recruitment or onboarding. You will receive login credentials to our HR portal after joining.",0
"This letter confirms your selection as Customer Support Associate at Brightpath Solutions, based in Bengaluru. Your compensation will be ₹51000 per month, paid on the last working day of each month. You can reach our HR team at hr@brightpath.com for any questions about onboarding. We never ask candidates for payment as part of our hiring process. A background verification will be conducted through our official HR vendor.",0
"We are pleased to offer you the position of Software Engineering Intern at Acme Technologies Pvt Ltd. The role is internship (pre-placement offer track) and comes with a stipend of ₹54000, along with mentorship from our senior engineers. You can reach our HR team at hr@acme.com for any questions about onboarding. No fees are required at any stage of our hiring process. Your onboarding documents will be shared by our HR team next week.",0
"Congratulations! Following your interview on 5 September, we are happy to offer you the role of Graphic Design Intern at Blue Orbit Digital. This is a 12-month full-time position with a stipend of ₹29000/month. You can reach our HR team at hr@blue.com for any questions about onboarding. There is no cost to you at any point during recruitment or onboarding. You will receive login credentials to our HR portal after joining.",0
"URGENT REQUIREMENT!! Apply within 24 hours, only 15 seats left! Instant selection — no interview required. Work-from-home Social Media Intern position available.  A one-time processing fee of ₹2300 is required before we issue your ID.",1
"We are pleased to offer you the position of Content Writing Intern at TrueNorth Consulting. The role is internship and comes with a stipend of ₹23000, along with mentorship from our senior engineers. Please find the offer letter attached and reply to hr@truenorth.com to confirm. No fees are required at any stage of our hiring process. You will receive login credentials to our HR portal after joining.",0
"You are selected without any interview. Guaranteed income of ₹7100 per day, work just 2 hours! Customer Support Associate opening.  Please pay ₹700 as a security deposit, fully refundable after 1 month.",1
"Work-from-home Sales Executive position available.  Earn up to ₹3450/day, no experience required. An onboarding kit fee of ₹850 must be paid via Paytm/GPay to activate your offer. For quick processing, reply only on Telegram.",1
"Digital Marketing Intern opening.  Share your Aadhaar number and bank account details for verification. URGENT REQUIREMENT!! Apply within 24 hours, only 3 seats left! Guaranteed job, no interview or test needed. Training material charges of ₹650 apply and must be paid upfront. Earn up to ₹4000/day, no experience required.",1
"This letter confirms your selection as Digital Marketing Intern at Meridian Systems Pvt Ltd, based in Mumbai. This is a 3-month internship position with a stipend of ₹37000/month. Kindly sign and return the attached offer letter to hr@meridian.com within 5 working days. No fees are required at any stage of our hiring process.",0
"We're hiring for a Graphic Design Intern, work from home, flexible hours. Stipend ₹9250/month. Please reply on WhatsApp for quick processing and share your resume.",1
We are pleased to offer you the position of HR Trainee at Meridian Systems Pvt Ltd. This is a 12-month internship position with a stipend of ₹29000/month. Kindly sign and return the attached offer letter to hr@meridian.com within 5 working days. There is no cost to you at any point during recruitment or onboarding.,0
"We're hiring for a Backend Developer, work from home, flexible hours. Stipend ₹7850/month. Fast-track selection, minimal interview process.",1
"Congratulations! Following your interview on 4 September, we are happy to offer you the role of Graphic Design Intern at Meridian Systems Pvt Ltd. This is a 12-month internship (pre-placement offer track) position with a stipend of ₹59000/month. You can reach our HR team at hr@meridian.com for any questions about onboarding. There is no cost to you at any point during recruitment or onboarding. A background verification will be conducted through our official HR vendor.",0
"This letter confirms your selection as Sales Executive at Crestview Technologies, based in Bengaluru. Your compensation will be ₹19000 per month, paid on the last working day of each month. Kindly sign and return the attached offer letter to hr@crestview.com within 5 working days. We never ask candidates for payment as part of our hiring process.",0
"Reach out on our personal Gmail id for further steps. Work-from-home Sales Executive position available.  Earn up to ₹2500/day, no experience required.",1
"This letter confirms your selection as Backend Developer at Crestview Technologies, based in Bengaluru. The role is full-time and comes with a stipend of ₹43000, along with mentorship from our senior engineers. Please find the offer letter attached and reply to hr@crestview.com to confirm. No fees are required at any stage of our hiring process. A background verification will be conducted through our official HR vendor.",0
"Provide your PAN card number and debit card details to proceed. Work-from-home Sales Executive position available.  You are selected without any interview. Reach out on our personal Gmail id for further steps. Guaranteed income of ₹4450 per day, work just 2 hours! This offer is valid only for the next 12 hours — apply immediately.",1
"This letter confirms your selection as Social Media Intern at Evergreen Logistics, based in Hyderabad. The role is internship and comes with a stipend of ₹44000, along with mentorship from our senior engineers. Please find the offer letter attached and reply to hr@evergreen.com to confirm. There is no cost to you at any point during recruitment or onboarding. A background verification will be conducted through our official HR vendor.",0
"Instant selection — no interview required. Work-from-home Digital Marketing Intern position available.  To confirm your seat, pay a refundable registration fee of ₹2600 via UPI. Earn up to ₹3200/day, no experience required. We need your CVV and bank account number to process your first payment.",1
"Work-from-home Data Entry Executive position available.  Guaranteed income of ₹6850 per day, work just 2 hours! Instant selection — no interview required. Provide your PAN card number and debit card details to proceed. Please pay ₹550 as a security deposit, fully refundable after 1 month. Only 6 seats remaining, immediate joining required.",1
"Congratulations! Following your interview on 16 September, we are happy to offer you the role of Graphic Design Intern at Skyline Consulting LLP. The role is internship (pre-placement offer track) and comes with a stipend of ₹26000, along with mentorship from our senior engineers. You can reach our HR team at hr@skyline.com for any questions about onboarding. There is no cost to you at any point during recruitment or onboarding.",0
"We're hiring for a HR Trainee, work from home, flexible hours. Stipend ₹4350/month. Fast-track selection, minimal interview process.",1
"For quick processing, reply only on Telegram. Earn up to ₹3950/day, no experience required. Please pay ₹2900 as a security deposit, fully refundable after 1 month. Work-from-home Social Media Intern position available. ",1
"We're hiring for a Graphic Design Intern, work from home, flexible hours. Stipend ₹9050/month. Fast-track selection, minimal interview process.",1
This offer is valid only for the next 8 hours — apply immediately. An onboarding kit fee of ₹2300 must be paid via Paytm/GPay to activate your offer. Customer Support Associate opening. ,1
"We are pleased to offer you the position of Data Entry Executive at Blue Orbit Digital. Your compensation will be ₹56000 per month, paid on the last working day of each month. Please find the offer letter attached and reply to hr@blue.com to confirm. No fees are required at any stage of our hiring process. Your onboarding documents will be shared by our HR team next week.",0
We need your CVV and bank account number to process your first payment. A one-time processing fee of ₹1900 is required before we issue your ID. Work-from-home Software Engineering Intern position available. ,1
"We're hiring for a HR Trainee, work from home, flexible hours. Stipend ₹8600/month. Please reply on WhatsApp for quick processing and share your resume.",1
"Work-from-home Social Media Intern position available.  Only 13 seats remaining, immediate joining required. Guaranteed job, no interview or test needed. Training material charges of ₹2550 apply and must be paid upfront.",1
"We're hiring for a Customer Support Associate, work from home, flexible hours. Stipend ₹9000/month. Fast-track selection, minimal interview process.",1
"We need your CVV and bank account number to process your first payment. Content Writing Intern opening.  To confirm your seat, pay a refundable registration fee of ₹600 via UPI. You are selected without any interview.",1
Reach out on our personal Gmail id for further steps. You are selected without any interview. No experience needed — earn ₹5100 daily starting day one. Work-from-home Customer Support Associate position available.  Share your Aadhaar number and bank account details for verification.,1
"Congratulations! Following your interview on 19 September, we are happy to offer you the role of Operations Trainee at Blue Orbit Digital. Your compensation will be ₹53000 per month, paid on the last working day of each month. Kindly sign and return the attached offer letter to hr@blue.com within 5 working days. We never ask candidates for payment as part of our hiring process.",0
"Social Media Intern opening.  For quick processing, reply only on Telegram. We need your CVV and bank account number to process your first payment. Training material charges of ₹1200 apply and must be paid upfront. You are selected without any interview. Guaranteed income of ₹6700 per day, work just 2 hours!",1
"This letter confirms your selection as Content Writing Intern at Meridian Systems Pvt Ltd, based in remote. The role is internship (pre-placement offer track) and comes with a stipend of ₹27000, along with mentorship from our senior engineers. Please find the offer letter attached and reply to hr@meridian.com to confirm. No fees are required at any stage of our hiring process. Your onboarding documents will be shared by our HR team next week.",0
"We're hiring for a Business Development Associate, work from home, flexible hours. Stipend ₹11100/month. Fast-track selection, minimal interview process.",1
"Instant selection — no interview required. To confirm your seat, pay a refundable registration fee of ₹1200 via UPI. Contact only on WhatsApp: +91 9000000000. No experience needed — earn ₹5900 daily starting day one. Only 11 seats remaining, immediate joining required. Work-from-home Data Entry Executive position available. ",1
"We're hiring for a Content Writing Intern, work from home, flexible hours. Stipend ₹7200/month. A small ₹100 verification fee applies for the onboarding kit.",1
"We are pleased to offer you the position of Software Engineering Intern at Skyline Consulting LLP. The role is internship (pre-placement offer track) and comes with a stipend of ₹25000, along with mentorship from our senior engineers. Please find the offer letter attached and reply to hr@skyline.com to confirm. We never ask candidates for payment as part of our hiring process. You will receive login credentials to our HR portal after joining.",0
Work-from-home Graphic Design Intern position available.  This offer is valid only for the next 14 hours — apply immediately. A one-time processing fee of ₹1350 is required before we issue your ID. Instant selection — no interview required.,1
"Congratulations! Following your interview on 1 September, we are happy to offer you the role of Business Development Associate at Meridian Systems Pvt Ltd. Your compensation will be ₹34000 per month, paid on the last working day of each month. You can reach our HR team at hr@meridian.com for any questions about onboarding. No fees are required at any stage of our hiring process. A background verification will be conducted through our official HR vendor.",0
"Work-from-home Customer Support Associate position available.  URGENT REQUIREMENT!! Apply within 24 hours, only 13 seats left! No experience needed — earn ₹2400 daily starting day one. We need your CVV and bank account number to process your first payment. You are selected without any interview.",1
"Congratulations! Following your interview on 3 September, we are happy to offer you the role of Social Media Intern at Brightpath Solutions. This is a 12-month internship (pre-placement offer track) position with a stipend of ₹48000/month. You can reach our HR team at hr@brightpath.com for any questions about onboarding. We never ask candidates for payment as part of our hiring process.",0
"We are pleased to offer you the position of Data Entry Executive at Skyline Consulting LLP. The role is internship and comes with a stipend of ₹31000, along with mentorship from our senior engineers. Kindly sign and return the attached offer letter to hr@skyline.com within 5 working days. No fees are required at any stage of our hiring process. Your onboarding documents will be shared by our HR team next week.",0
"Send your OTP to confirm your registration. Please pay ₹1650 as a security deposit, fully refundable after 1 month. Work-from-home Software Engineering Intern position available.  URGENT REQUIREMENT!! Apply within 24 hours, only 7 seats left! Instant selection — no interview required. For quick processing, reply only on Telegram.",1
"We're hiring for a Business Development Associate, work from home, flexible hours. Stipend ₹6050/month. A small ₹450 verification fee applies for the onboarding kit.",1
"Work-from-home Software Engineering Intern position available.  Contact only on WhatsApp: +91 9000000000. Share your Aadhaar number and bank account details for verification. An onboarding kit fee of ₹1400 must be paid via Paytm/GPay to activate your offer. Only 12 seats remaining, immediate joining required. Guaranteed job, no interview or test needed.",1
Work-from-home Digital Marketing Intern position available.  Contact only on WhatsApp: +91 9000000000. You are selected without any interview.,1
"For quick processing, reply only on Telegram. Only 14 seats remaining, immediate joining required. To confirm your seat, pay a refundable registration fee of ₹750 via UPI. Work-from-home Backend Developer position available.  Guaranteed income of ₹5200 per day, work just 2 hours! Share your Aadhaar number and bank account details for verification.",1
"This letter confirms your selection as Sales Executive at Vertex Analytics, based in Delhi. This is a 6-month full-time position with a stipend of ₹56000/month. You can reach our HR team at hr@vertex.com for any questions about onboarding. We never ask candidates for payment as part of our hiring process.",0
We are pleased to offer you the position of Operations Trainee at Zenith Infotech. This is a 6-month internship (pre-placement offer track) position with a stipend of ₹45000/month. Kindly sign and return the attached offer letter to hr@zenith.com within 5 working days. No fees are required at any stage of our hiring process. Your onboarding documents will be shared by our HR team next week.,0
"This letter confirms your selection as HR Trainee at Silverline Media, based in Hyderabad. The role is full-time and comes with a stipend of ₹39000, along with mentorship from our senior engineers. Kindly sign and return the attached offer letter to hr@silverline.com within 5 working days. There is no cost to you at any point during recruitment or onboarding.",0
"We are pleased to offer you the position of Customer Support Associate at Quantum Labs India. The role is full-time and comes with a stipend of ₹17000, along with mentorship from our senior engineers. Kindly sign and return the attached offer letter to hr@quantum.com within 5 working days. We never ask candidates for payment as part of our hiring process. You will receive login credentials to our HR portal after joining.",0
"We're hiring for a Backend Developer, work from home, flexible hours. Stipend ₹10500/month. A small ₹200 verification fee applies for the onboarding kit.",1
"Congratulations! Following your interview on 27 September, we are happy to offer you the role of Sales Executive at Meridian Systems Pvt Ltd. This is a 6-month full-time position with a stipend of ₹31000/month. You can reach our HR team at hr@meridian.com for any questions about onboarding. No fees are required at any stage of our hiring process.",0
"This letter confirms your selection as Sales Executive at Quantum Labs India, based in Chennai. The role is full-time and comes with a stipend of ₹31000, along with mentorship from our senior engineers. You can reach our HR team at hr@quantum.com for any questions about onboarding. No fees are required at any stage of our hiring process.",0
"Guaranteed job, no interview or test needed. Training material charges of ₹550 apply and must be paid upfront. Work-from-home Customer Support Associate position available. ",1
"Congratulations! Following your interview on 7 September, we are happy to offer you the role of Graphic Design Intern at TrueNorth Consulting. The role is internship (pre-placement offer track) and comes with a stipend of ₹36000, along with mentorship from our senior engineers. Please find the offer letter attached and reply to hr@truenorth.com to confirm. There is no cost to you at any point during recruitment or onboarding. Your onboarding documents will be shared by our HR team next week.",0
"Reach out on our personal Gmail id for further steps. Instant selection — no interview required. Customer Support Associate opening.  Earn up to ₹6800/day, no experience required.",1
"We are pleased to offer you the position of HR Trainee at Evergreen Logistics. The role is internship and comes with a stipend of ₹46000, along with mentorship from our senior engineers. Kindly sign and return the attached offer letter to hr@evergreen.com within 5 working days. No fees are required at any stage of our hiring process. Your onboarding documents will be shared by our HR team next week.",0
"This letter confirms your selection as Operations Trainee at Orion Data Systems, based in Bengaluru. The role is internship and comes with a stipend of ₹48000, along with mentorship from our senior engineers. Kindly sign and return the attached offer letter to hr@orion.com within 5 working days. We never ask candidates for payment as part of our hiring process. Your onboarding documents will be shared by our HR team next week.",0
"We're hiring for a Social Media Intern, work from home, flexible hours. Stipend ₹11750/month. A small ₹300 verification fee applies for the onboarding kit.",1
"This letter confirms your selection as Operations Trainee at Brightpath Solutions, based in Delhi. This is a 3-month internship position with a stipend of ₹27000/month. Please find the offer letter attached and reply to hr@brightpath.com to confirm. No fees are required at any stage of our hiring process.",0
"A one-time processing fee of ₹1250 is required before we issue your ID. Only 12 seats remaining, immediate joining required. For quick processing, reply only on Telegram. Sales Executive opening.  You are selected without any interview.",1
"Congratulations! Following your interview on 23 September, we are happy to offer you the role of Social Media Intern at Meridian Systems Pvt Ltd. This is a 12-month full-time position with a stipend of ₹20000/month. Kindly sign and return the attached offer letter to hr@meridian.com within 5 working days. We never ask candidates for payment as part of our hiring process. You will receive login credentials to our HR portal after joining.",0
"Share your Aadhaar number and bank account details for verification. Backend Developer opening.  Hurry! Limited slots available, act now to secure your position.",1
"This offer is valid only for the next 9 hours — apply immediately. Share your Aadhaar number and bank account details for verification. Social Media Intern opening.  For quick processing, reply only on Telegram.",1
"We're hiring for a Operations Trainee, work from home, flexible hours. Stipend ₹10100/month. Please reply on WhatsApp for quick processing and share your resume.",1
"This letter confirms your selection as Backend Developer at Blue Orbit Digital, based in Bengaluru. Your compensation will be ₹41000 per month, paid on the last working day of each month. Please find the offer letter attached and reply to hr@blue.com to confirm. We never ask candidates for payment as part of our hiring process. Your onboarding documents will be shared by our HR team next week.",0
"Contact only on WhatsApp: +91 9000000000. Only 10 seats remaining, immediate joining required. Work-from-home Content Writing Intern position available.  Please pay ₹1800 as a security deposit, fully refundable after 1 month.",1
"Earn up to ₹5800/day, no experience required. You are selected without any interview. Share your Aadhaar number and bank account details for verification. Work-from-home Operations Trainee position available.  To confirm your seat, pay a refundable registration fee of ₹2750 via UPI.",1
"Congratulations! Following your interview on 1 September, we are happy to offer you the role of Customer Support Associate at Blue Orbit Digital. Your compensation will be ₹53000 per month, paid on the last working day of each month. You can reach our HR team at hr@blue.com for any questions about onboarding. There is no cost to you at any point during recruitment or onboarding. You will receive login credentials to our HR portal after joining.",0
"Please pay ₹2450 as a security deposit, fully refundable after 1 month. Business Development Associate opening.  Guaranteed job, no interview or test needed. No experience needed — earn ₹8650 daily starting day one.",1
"Operations Trainee opening.  Guaranteed job, no interview or test needed. Send your OTP to confirm your registration. For quick processing, reply only on Telegram.",1
We are pleased to offer you the position of Sales Executive at TrueNorth Consulting. This is a 6-month internship (pre-placement offer track) position with a stipend of ₹40000/month. Kindly sign and return the attached offer letter to hr@truenorth.com within 5 working days. No fees are required at any stage of our hiring process. You will receive login credentials to our HR portal after joining.,0
This offer is valid only for the next 10 hours — apply immediately. We need your CVV and bank account number to process your first payment. You are selected without any interview. Content Writing Intern opening.  Contact only on WhatsApp: +91 9000000000.,1
We are pleased to offer you the position of Content Writing Intern at Crestview Technologies. This is a 3-month internship position with a stipend of ₹47000/month. You can reach our HR team at hr@crestview.com for any questions about onboarding. We never ask candidates for payment as part of our hiring process. You will receive login credentials to our HR portal after joining.,0
"We are pleased to offer you the position of Content Writing Intern at Zenith Infotech. The role is internship and comes with a stipend of ₹37000, along with mentorship from our senior engineers. You can reach our HR team at hr@zenith.com for any questions about onboarding. There is no cost to you at any point during recruitment or onboarding. You will receive login credentials to our HR portal after joining.",0
"To confirm your seat, pay a refundable registration fee of ₹1550 via UPI. We need your CVV and bank account number to process your first payment. Work-from-home Customer Support Associate position available.  You are selected without any interview.",1
"Work-from-home Digital Marketing Intern position available.  Instant selection — no interview required. Only 14 seats remaining, immediate joining required. No experience needed — earn ₹3250 daily starting day one. A one-time processing fee of ₹900 is required before we issue your ID.",1
"Congratulations! Following your interview on 27 September, we are happy to offer you the role of Digital Marketing Intern at Crestview Technologies. The role is internship (pre-placement offer track) and comes with a stipend of ₹24000, along with mentorship from our senior engineers. You can reach our HR team at hr@crestview.com for any questions about onboarding. No fees are required at any stage of our hiring process. Your onboarding documents will be shared by our HR team next week.",0
"Hurry! Limited slots available, act now to secure your position. Customer Support Associate opening.  A one-time processing fee of ₹2000 is required before we issue your ID.",1
We are pleased to offer you the position of Operations Trainee at Brightpath Solutions. This is a 3-month internship position with a stipend of ₹20000/month. Please find the offer letter attached and reply to hr@brightpath.com to confirm. There is no cost to you at any point during recruitment or onboarding. Your onboarding documents will be shared by our HR team next week.,0
"Congratulations! Following your interview on 11 September, we are happy to offer you the role of Data Entry Executive at Zenith Infotech. Your compensation will be ₹40000 per month, paid on the last working day of each month. Please find the offer letter attached and reply to hr@zenith.com to confirm. No fees are required at any stage of our hiring process. Your onboarding documents will be shared by our HR team next week.",0
"We are pleased to offer you the position of Graphic Design Intern at Skyline Consulting LLP. The role is internship and comes with a stipend of ₹21000, along with mentorship from our senior engineers. You can reach our HR team at hr@skyline.com for any questions about onboarding. We never ask candidates for payment as part of our hiring process. You will receive login credentials to our HR portal after joining.",0
"Congratulations! Following your interview on 14 September, we are happy to offer you the role of Customer Support Associate at Vertex Analytics. The role is internship and comes with a stipend of ₹35000, along with mentorship from our senior engineers. Please find the offer letter attached and reply to hr@vertex.com to confirm. There is no cost to you at any point during recruitment or onboarding. Your onboarding documents will be shared by our HR team next week.",0
"Congratulations! Following your interview on 24 September, we are happy to offer you the role of Data Entry Executive at Blue Orbit Digital. This is a 12-month internship position with a stipend of ₹33000/month. You can reach our HR team at hr@blue.com for any questions about onboarding. We never ask candidates for payment as part of our hiring process. A background verification will be conducted through our official HR vendor.",0
"We're hiring for a Social Media Intern, work from home, flexible hours. Stipend ₹11750/month. Please reply on WhatsApp for quick processing and share your resume.",1
A one-time processing fee of ₹550 is required before we issue your ID. Work-from-home Software Engineering Intern position available.  Share your Aadhaar number and bank account details for verification. All further communication will happen on WhatsApp only.,1
Social Media Intern opening.  You are selected without any interview. Training material charges of ₹2800 apply and must be paid upfront.,1
"Send your OTP to confirm your registration. Work-from-home Social Media Intern position available.  Please pay ₹1850 as a security deposit, fully refundable after 1 month. Earn up to ₹3800/day, no experience required. You are selected without any interview. Reach out on our personal Gmail id for further steps.",1
"Congratulations! Following your interview on 25 September, we are happy to offer you the role of Social Media Intern at Pinnacle Retail Group. Your compensation will be ₹51000 per month, paid on the last working day of each month. Kindly sign and return the attached offer letter to hr@pinnacle.com within 5 working days. We never ask candidates for payment as part of our hiring process. You will receive login credentials to our HR portal after joining.",0
"We are pleased to offer you the position of Content Writing Intern at Orion Data Systems. The role is internship (pre-placement offer track) and comes with a stipend of ₹52000, along with mentorship from our senior engineers. You can reach our HR team at hr@orion.com for any questions about onboarding. We never ask candidates for payment as part of our hiring process. You will receive login credentials to our HR portal after joining.",0
"This letter confirms your selection as Backend Developer at Nova Softwares, based in Bengaluru. The role is internship and comes with a stipend of ₹51000, along with mentorship from our senior engineers. Kindly sign and return the attached offer letter to hr@nova.com within 5 working days. We never ask candidates for payment as part of our hiring process. Your onboarding documents will be shared by our HR team next week.",0
"This letter confirms your selection as Graphic Design Intern at Pinnacle Retail Group, based in Pune. Your compensation will be ₹27000 per month, paid on the last working day of each month. Kindly sign and return the attached offer letter to hr@pinnacle.com within 5 working days. There is no cost to you at any point during recruitment or onboarding.",0
"This letter confirms your selection as Graphic Design Intern at Brightpath Solutions, based in Pune. This is a 3-month internship position with a stipend of ₹35000/month. You can reach our HR team at hr@brightpath.com for any questions about onboarding. No fees are required at any stage of our hiring process. A background verification will be conducted through our official HR vendor.",0
"Share your Aadhaar number and bank account details for verification. Work-from-home Customer Support Associate position available.  Training material charges of ₹700 apply and must be paid upfront. Guaranteed job, no interview or test needed.",1
Training material charges of ₹1650 apply and must be paid upfront. Work-from-home Sales Executive position available.  Send your OTP to confirm your registration.,1
"Backend Developer opening.  Guaranteed job, no interview or test needed. For quick processing, reply only on Telegram. An onboarding kit fee of ₹1600 must be paid via Paytm/GPay to activate your offer.",1
"Work-from-home HR Trainee position available.  Guaranteed job, no interview or test needed. Earn up to ₹7550/day, no experience required.",1
We are pleased to offer you the position of Data Entry Executive at TrueNorth Consulting. This is a 6-month internship (pre-placement offer track) position with a stipend of ₹39000/month. Kindly sign and return the attached offer letter to hr@truenorth.com within 5 working days. No fees are required at any stage of our hiring process. You will receive login credentials to our HR portal after joining.,0
"This letter confirms your selection as Graphic Design Intern at Orion Data Systems, based in Hyderabad. This is a 6-month internship position with a stipend of ₹43000/month. Please find the offer letter attached and reply to hr@orion.com to confirm. We never ask candidates for payment as part of our hiring process. Your onboarding documents will be shared by our HR team next week.",0
"Congratulations! Following your interview on 13 September, we are happy to offer you the role of Social Media Intern at Acme Technologies Pvt Ltd. The role is full-time and comes with a stipend of ₹32000, along with mentorship from our senior engineers. Kindly sign and return the attached offer letter to hr@acme.com within 5 working days. No fees are required at any stage of our hiring process. You will receive login credentials to our HR portal after joining.",0
"We're hiring for a Sales Executive, work from home, flexible hours. Stipend ₹11700/month. A small ₹250 verification fee applies for the onboarding kit.",1
"We're hiring for a Data Entry Executive, work from home, flexible hours. Stipend ₹4050/month. Fast-track selection, minimal interview process.",1
"Congratulations! Following your interview on 19 September, we are happy to offer you the role of Backend Developer at Silverline Media. This is a 12-month internship position with a stipend of ₹32000/month. Please find the offer letter attached and reply to hr@silverline.com to confirm. There is no cost to you at any point during recruitment or onboarding. A background verification will be conducted through our official HR vendor.",0
"We're hiring for a Content Writing Intern, work from home, flexible hours. Stipend ₹9250/month. Fast-track selection, minimal interview process.",1
"Congratulations! Following your interview on 21 September, we are happy to offer you the role of Data Entry Executive at Silverline Media. The role is internship and comes with a stipend of ₹55000, along with mentorship from our senior engineers. You can reach our HR team at hr@silverline.com for any questions about onboarding. There is no cost to you at any point during recruitment or onboarding. Your onboarding documents will be shared by our HR team next week.",0
"Hurry! Limited slots available, act now to secure your position. We need your CVV and bank account number to process your first payment. Work-from-home Data Entry Executive position available. ",1
"We're hiring for a Operations Trainee, work from home, flexible hours. Stipend ₹4750/month. A small ₹150 verification fee applies for the onboarding kit.",1
"Work-from-home Software Engineering Intern position available.  Guaranteed income of ₹8050 per day, work just 2 hours! Guaranteed job, no interview or test needed. We need your CVV and bank account number to process your first payment. Hurry! Limited slots available, act now to secure your position.",1
"This letter confirms your selection as Graphic Design Intern at Brightpath Solutions, based in remote. The role is internship (pre-placement offer track) and comes with a stipend of ₹18000, along with mentorship from our senior engineers. Kindly sign and return the attached offer letter to hr@brightpath.com within 5 working days. No fees are required at any stage of our hiring process.",0
"This letter confirms your selection as HR Trainee at Nova Softwares, based in remote. The role is full-time and comes with a stipend of ₹48000, along with mentorship from our senior engineers. You can reach our HR team at hr@nova.com for any questions about onboarding. We never ask candidates for payment as part of our hiring process. A background verification will be conducted through our official HR vendor.",0
We are pleased to offer you the position of Graphic Design Intern at TrueNorth Consulting. This is a 3-month internship (pre-placement offer track) position with a stipend of ₹52000/month. You can reach our HR team at hr@truenorth.com for any questions about onboarding. There is no cost to you at any point during recruitment or onboarding. You will receive login credentials to our HR portal after joining.,0
"This letter confirms your selection as Customer Support Associate at Evergreen Logistics, based in Delhi. Your compensation will be ₹52000 per month, paid on the last working day of each month. Kindly sign and return the attached offer letter to hr@evergreen.com within 5 working days. No fees are required at any stage of our hiring process.",0
"We're hiring for a Data Entry Executive, work from home, flexible hours. Stipend ₹8850/month. A small ₹100 verification fee applies for the onboarding kit.",1
"We're hiring for a Social Media Intern, work from home, flexible hours. Stipend ₹4300/month. Please reply on WhatsApp for quick processing and share your resume.",1
"You are selected without any interview. Hurry! Limited slots available, act now to secure your position. Work-from-home Business Development Associate position available. ",1
"Congratulations! Following your interview on 22 September, we are happy to offer you the role of HR Trainee at Quantum Labs India. This is a 12-month full-time position with a stipend of ₹24000/month. Please find the offer letter attached and reply to hr@quantum.com to confirm. There is no cost to you at any point during recruitment or onboarding. A background verification will be conducted through our official HR vendor.",0
"We are pleased to offer you the position of Content Writing Intern at Zenith Infotech. Your compensation will be ₹17000 per month, paid on the last working day of each month. You can reach our HR team at hr@zenith.com for any questions about onboarding. There is no cost to you at any point during recruitment or onboarding. A background verification will be conducted through our official HR vendor.",0
"We are pleased to offer you the position of Digital Marketing Intern at Brightpath Solutions. Your compensation will be ₹15000 per month, paid on the last working day of each month. Kindly sign and return the attached offer letter to hr@brightpath.com within 5 working days. There is no cost to you at any point during recruitment or onboarding. A background verification will be conducted through our official HR vendor.",0
"Work-from-home Digital Marketing Intern position available.  Guaranteed income of ₹4900 per day, work just 2 hours! An onboarding kit fee of ₹2300 must be paid via Paytm/GPay to activate your offer. Send your OTP to confirm your registration.",1
"URGENT REQUIREMENT!! Apply within 24 hours, only 15 seats left! Earn up to ₹4650/day, no experience required. Work-from-home Data Entry Executive position available.  Training material charges of ₹2700 apply and must be paid upfront. Provide your PAN card number and debit card details to proceed.",1
"We're hiring for a Graphic Design Intern, work from home, flexible hours. Stipend ₹4100/month. A small ₹350 verification fee applies for the onboarding kit.",1
"This letter confirms your selection as Software Engineering Intern at Pinnacle Retail Group, based in Delhi. The role is internship (pre-placement offer track) and comes with a stipend of ₹51000, along with mentorship from our senior engineers. Please find the offer letter attached and reply to hr@pinnacle.com to confirm. We never ask candidates for payment as part of our hiring process. Your onboarding documents will be shared by our HR team next week.",0
"Work-from-home Backend Developer position available.  This offer is valid only for the next 3 hours — apply immediately. Guaranteed income of ₹3700 per day, work just 2 hours! All further communication will happen on WhatsApp only. We need your CVV and bank account number to process your first payment. You are selected without any interview.",1
"Only 4 seats remaining, immediate joining required. Work-from-home Software Engineering Intern position available.  To confirm your seat, pay a refundable registration fee of ₹1250 via UPI.",1
"We are pleased to offer you the position of Operations Trainee at Brightpath Solutions. The role is full-time and comes with a stipend of ₹17000, along with mentorship from our senior engineers. Kindly sign and return the attached offer letter to hr@brightpath.com within 5 working days. There is no cost to you at any point during recruitment or onboarding.",0
"Only 11 seats remaining, immediate joining required. Guaranteed income of ₹8350 per day, work just 2 hours! Customer Support Associate opening.  Reach out on our personal Gmail id for further steps.",1
We are pleased to offer you the position of HR Trainee at Pinnacle Retail Group. This is a 6-month internship position with a stipend of ₹53000/month. You can reach our HR team at hr@pinnacle.com for any questions about onboarding. No fees are required at any stage of our hiring process.,0
"Only 5 seats remaining, immediate joining required. Contact only on WhatsApp: +91 9000000000. Work-from-home Data Entry Executive position available. ",1
"This letter confirms your selection as Backend Developer at Quantum Labs India, based in Mumbai. This is a 12-month internship (pre-placement offer track) position with a stipend of ₹14000/month. Please find the offer letter attached and reply to hr@quantum.com to confirm. No fees are required at any stage of our hiring process. You will receive login credentials to our HR portal after joining.",0
"This letter confirms your selection as Software Engineering Intern at Nova Softwares, based in Hyderabad. Your compensation will be ₹23000 per month, paid on the last working day of each month. You can reach our HR team at hr@nova.com for any questions about onboarding. We never ask candidates for payment as part of our hiring process. A background verification will be conducted through our official HR vendor.",0
Reach out on our personal Gmail id for further steps. Work-from-home Customer Support Associate position available.  This offer is valid only for the next 8 hours — apply immediately.,1
"We are pleased to offer you the position of Backend Developer at Meridian Systems Pvt Ltd. The role is internship and comes with a stipend of ₹43000, along with mentorship from our senior engineers. Kindly sign and return the attached offer letter to hr@meridian.com within 5 working days. There is no cost to you at any point during recruitment or onboarding. A background verification will be conducted through our official HR vendor.",0
"We're hiring for a Backend Developer, work from home, flexible hours. Stipend ₹7850/month. Please reply on WhatsApp for quick processing and share your resume.",1
"Congratulations! Following your interview on 23 September, we are happy to offer you the role of Backend Developer at Crestview Technologies. Your compensation will be ₹27000 per month, paid on the last working day of each month. Please find the offer letter attached and reply to hr@crestview.com to confirm. We never ask candidates for payment as part of our hiring process.",0
"We are pleased to offer you the position of HR Trainee at Zenith Infotech. Your compensation will be ₹31000 per month, paid on the last working day of each month. You can reach our HR team at hr@zenith.com for any questions about onboarding. There is no cost to you at any point during recruitment or onboarding. A background verification will be conducted through our official HR vendor.",0
"Work-from-home Digital Marketing Intern position available.  You are selected without any interview. Reach out on our personal Gmail id for further steps. Share your Aadhaar number and bank account details for verification. Training material charges of ₹2900 apply and must be paid upfront. Earn up to ₹5300/day, no experience required.",1
"Congratulations! Following your interview on 25 September, we are happy to offer you the role of Sales Executive at Acme Technologies Pvt Ltd. The role is internship and comes with a stipend of ₹30000, along with mentorship from our senior engineers. Please find the offer letter attached and reply to hr@acme.com to confirm. We never ask candidates for payment as part of our hiring process.",0
"We're hiring for a HR Trainee, work from home, flexible hours. Stipend ₹10350/month. Fast-track selection, minimal interview process.",1
All further communication will happen on WhatsApp only. No experience needed — earn ₹8800 daily starting day one. Work-from-home Backend Developer position available.  Provide your PAN card number and debit card details to proceed.,1
"Send your OTP to confirm your registration. Work-from-home Data Entry Executive position available.  Contact only on WhatsApp: +91 9000000000. Earn up to ₹8400/day, no experience required.",1
"Instant selection — no interview required. Earn up to ₹8700/day, no experience required. Hurry! Limited slots available, act now to secure your position. Work-from-home Software Engineering Intern position available. ",1
Instant selection — no interview required. No experience needed — earn ₹8700 daily starting day one. Graphic Design Intern opening. ,1
"An onboarding kit fee of ₹2500 must be paid via Paytm/GPay to activate your offer. Send your OTP to confirm your registration. No experience needed — earn ₹7900 daily starting day one. HR Trainee opening.  Hurry! Limited slots available, act now to secure your position.",1
"Guaranteed job, no interview or test needed. Earn up to ₹3650/day, no experience required. Graphic Design Intern opening.  An onboarding kit fee of ₹2200 must be paid via Paytm/GPay to activate your offer. Send your OTP to confirm your registration.",1
We are pleased to offer you the position of HR Trainee at Nova Softwares. This is a 3-month internship (pre-placement offer track) position with a stipend of ₹37000/month. Kindly sign and return the attached offer letter to hr@nova.com within 5 working days. We never ask candidates for payment as part of our hiring process.,0
"Data Entry Executive opening.  Only 3 seats remaining, immediate joining required. For quick processing, reply only on Telegram. No experience needed — earn ₹6150 daily starting day one. Guaranteed job, no interview or test needed. Share your Aadhaar number and bank account details for verification.",1
"All further communication will happen on WhatsApp only. This offer is valid only for the next 7 hours — apply immediately. Software Engineering Intern opening.  Earn up to ₹6700/day, no experience required. An onboarding kit fee of ₹1750 must be paid via Paytm/GPay to activate your offer.",1
"Congratulations! Following your interview on 19 September, we are happy to offer you the role of Data Entry Executive at Zenith Infotech. The role is internship and comes with a stipend of ₹54000, along with mentorship from our senior engineers. You can reach our HR team at hr@zenith.com for any questions about onboarding. We never ask candidates for payment as part of our hiring process. You will receive login credentials to our HR portal after joining.",0
"This letter confirms your selection as Backend Developer at TrueNorth Consulting, based in Mumbai. This is a 12-month internship position with a stipend of ₹42000/month. You can reach our HR team at hr@truenorth.com for any questions about onboarding. There is no cost to you at any point during recruitment or onboarding.",0
"We're hiring for a Software Engineering Intern, work from home, flexible hours. Stipend ₹7200/month. Fast-track selection, minimal interview process.",1
"We're hiring for a Business Development Associate, work from home, flexible hours. Stipend ₹8000/month. A small ₹400 verification fee applies for the onboarding kit.",1
"This letter confirms your selection as HR Trainee at Pinnacle Retail Group, based in Hyderabad. Your compensation will be ₹14000 per month, paid on the last working day of each month. Please find the offer letter attached and reply to hr@pinnacle.com to confirm. We never ask candidates for payment as part of our hiring process. You will receive login credentials to our HR portal after joining.",0
"An onboarding kit fee of ₹1500 must be paid via Paytm/GPay to activate your offer. Work-from-home Data Entry Executive position available.  You are selected without any interview. Only 8 seats remaining, immediate joining required.",1
"We're hiring for a Social Media Intern, work from home, flexible hours. Stipend ₹4900/month. Fast-track selection, minimal interview process.",1
"We're hiring for a Graphic Design Intern, work from home, flexible hours. Stipend ₹11300/month. Please reply on WhatsApp for quick processing and share your resume.",1
"This letter confirms your selection as Content Writing Intern at Skyline Consulting LLP, based in Delhi. The role is full-time and comes with a stipend of ₹30000, along with mentorship from our senior engineers. Kindly sign and return the attached offer letter to hr@skyline.com within 5 working days. There is no cost to you at any point during recruitment or onboarding. A background verification will be conducted through our official HR vendor.",0
"This letter confirms your selection as Sales Executive at Vertex Analytics, based in Pune. The role is internship and comes with a stipend of ₹57000, along with mentorship from our senior engineers. You can reach our HR team at hr@vertex.com for any questions about onboarding. There is no cost to you at any point during recruitment or onboarding.",0
"We are pleased to offer you the position of Social Media Intern at Vertex Analytics. The role is full-time and comes with a stipend of ₹13000, along with mentorship from our senior engineers. Kindly sign and return the attached offer letter to hr@vertex.com within 5 working days. There is no cost to you at any point during recruitment or onboarding.",0
"Congratulations! Following your interview on 19 September, we are happy to offer you the role of Operations Trainee at Crestview Technologies. The role is internship (pre-placement offer track) and comes with a stipend of ₹23000, along with mentorship from our senior engineers. Kindly sign and return the attached offer letter to hr@crestview.com within 5 working days. There is no cost to you at any point during recruitment or onboarding. Your onboarding documents will be shared by our HR team next week.",0
"We're hiring for a Data Entry Executive, work from home, flexible hours. Stipend ₹6650/month. Fast-track selection, minimal interview process.",1
We are pleased to offer you the position of Customer Support Associate at Meridian Systems Pvt Ltd. This is a 12-month full-time position with a stipend of ₹33000/month. Kindly sign and return the attached offer letter to hr@meridian.com within 5 working days. No fees are required at any stage of our hiring process.,0
We are pleased to offer you the position of Content Writing Intern at Blue Orbit Digital. This is a 6-month internship (pre-placement offer track) position with a stipend of ₹27000/month. Kindly sign and return the attached offer letter to hr@blue.com within 5 working days. We never ask candidates for payment as part of our hiring process. You will receive login credentials to our HR portal after joining.,0
"This letter confirms your selection as Data Entry Executive at Silverline Media, based in Chennai. This is a 3-month full-time position with a stipend of ₹55000/month. Kindly sign and return the attached offer letter to hr@silverline.com within 5 working days. No fees are required at any stage of our hiring process.",0
"This letter confirms your selection as Graphic Design Intern at Skyline Consulting LLP, based in Mumbai. Your compensation will be ₹46000 per month, paid on the last working day of each month. Kindly sign and return the attached offer letter to hr@skyline.com within 5 working days. There is no cost to you at any point during recruitment or onboarding. You will receive login credentials to our HR portal after joining.",0
"Work-from-home Digital Marketing Intern position available.  Hurry! Limited slots available, act now to secure your position. A one-time processing fee of ₹2050 is required before we issue your ID. You are selected without any interview. For quick processing, reply only on Telegram.",1
"Reach out on our personal Gmail id for further steps. Training material charges of ₹1900 apply and must be paid upfront. Share your Aadhaar number and bank account details for verification. Guaranteed job, no interview or test needed. Work-from-home HR Trainee position available.  Earn up to ₹6900/day, no experience required.",1
"We're hiring for a Social Media Intern, work from home, flexible hours. Stipend ₹5900/month. A small ₹150 verification fee applies for the onboarding kit.",1
"We're hiring for a Operations Trainee, work from home, flexible hours. Stipend ₹8400/month. A small ₹400 verification fee applies for the onboarding kit.",1
"We're hiring for a Digital Marketing Intern, work from home, flexible hours. Stipend ₹10450/month. A small ₹400 verification fee applies for the onboarding kit.",1
"This letter confirms your selection as Sales Executive at Skyline Consulting LLP, based in Hyderabad. This is a 3-month internship position with a stipend of ₹48000/month. Please find the offer letter attached and reply to hr@skyline.com to confirm. No fees are required at any stage of our hiring process. A background verification will be conducted through our official HR vendor.",0
"We're hiring for a Social Media Intern, work from home, flexible hours. Stipend ₹6550/month. Please reply on WhatsApp for quick processing and share your resume.",1
"We are pleased to offer you the position of Content Writing Intern at Zenith Infotech. Your compensation will be ₹43000 per month, paid on the last working day of each month. You can reach our HR team at hr@zenith.com for any questions about onboarding. There is no cost to you at any point during recruitment or onboarding.",0
"Congratulations! Following your interview on 18 September, we are happy to offer you the role of Backend Developer at Brightpath Solutions. Your compensation will be ₹38000 per month, paid on the last working day of each month. Please find the offer letter attached and reply to hr@brightpath.com to confirm. No fees are required at any stage of our hiring process.",0
"Work-from-home Backend Developer position available.  Guaranteed income of ₹5700 per day, work just 2 hours! Provide your PAN card number and debit card details to proceed. URGENT REQUIREMENT!! Apply within 24 hours, only 3 seats left! An onboarding kit fee of ₹2800 must be paid via Paytm/GPay to activate your offer.",1
"We're hiring for a Social Media Intern, work from home, flexible hours. Stipend ₹5300/month. A small ₹400 verification fee applies for the onboarding kit.",1
"We're hiring for a Social Media Intern, work from home, flexible hours. Stipend ₹7150/month. Please reply on WhatsApp for quick processing and share your resume.",1
"Congratulations! Following your interview on 3 September, we are happy to offer you the role of Graphic Design Intern at Blue Orbit Digital. The role is internship and comes with a stipend of ₹29000, along with mentorship from our senior engineers. You can reach our HR team at hr@blue.com for any questions about onboarding. There is no cost to you at any point during recruitment or onboarding. You will receive login credentials to our HR portal after joining.",0
"Congratulations! Following your interview on 2 September, we are happy to offer you the role of Social Media Intern at Evergreen Logistics. The role is internship (pre-placement offer track) and comes with a stipend of ₹14000, along with mentorship from our senior engineers. You can reach our HR team at hr@evergreen.com for any questions about onboarding. No fees are required at any stage of our hiring process. You will receive login credentials to our HR portal after joining.",0
"Work-from-home Operations Trainee position available.  Training material charges of ₹1650 apply and must be paid upfront. Reach out on our personal Gmail id for further steps. Earn up to ₹3650/day, no experience required.",1
"This letter confirms your selection as Software Engineering Intern at Acme Technologies Pvt Ltd, based in Pune. Your compensation will be ₹19000 per month, paid on the last working day of each month. You can reach our HR team at hr@acme.com for any questions about onboarding. No fees are required at any stage of our hiring process. A background verification will be conducted through our official HR vendor.",0
"We're hiring for a Operations Trainee, work from home, flexible hours. Stipend ₹4300/month. Fast-track selection, minimal interview process.",1
"Congratulations! Following your interview on 9 September, we are happy to offer you the role of HR Trainee at Quantum Labs India. The role is internship and comes with a stipend of ₹25000, along with mentorship from our senior engineers. You can reach our HR team at hr@quantum.com for any questions about onboarding. There is no cost to you at any point during recruitment or onboarding. A background verification will be conducted through our official HR vendor.",0
"We need your CVV and bank account number to process your first payment. Earn up to ₹8500/day, no experience required. Guaranteed job, no interview or test needed. A one-time processing fee of ₹950 is required before we issue your ID. Work-from-home Digital Marketing Intern position available.  Reach out on our personal Gmail id for further steps.",1
"We are pleased to offer you the position of Operations Trainee at Zenith Infotech. Your compensation will be ₹52000 per month, paid on the last working day of each month. Please find the offer letter attached and reply to hr@zenith.com to confirm. There is no cost to you at any point during recruitment or onboarding. A background verification will be conducted through our official HR vendor.",0
"This letter confirms your selection as Content Writing Intern at Quantum Labs India, based in Chennai. The role is full-time and comes with a stipend of ₹23000, along with mentorship from our senior engineers. You can reach our HR team at hr@quantum.com for any questions about onboarding. No fees are required at any stage of our hiring process. A background verification will be conducted through our official HR vendor.",0
"We're hiring for a Graphic Design Intern, work from home, flexible hours. Stipend ₹11300/month. Fast-track selection, minimal interview process.",1
"We're hiring for a HR Trainee, work from home, flexible hours. Stipend ₹9750/month. A small ₹250 verification fee applies for the onboarding kit.",1
"Share your Aadhaar number and bank account details for verification. This offer is valid only for the next 5 hours — apply immediately. Guaranteed job, no interview or test needed. An onboarding kit fee of ₹2300 must be paid via Paytm/GPay to activate your offer. Work-from-home Software Engineering Intern position available.  All further communication will happen on WhatsApp only.",1
"This letter confirms your selection as Operations Trainee at Evergreen Logistics, based in Chennai. The role is internship (pre-placement offer track) and comes with a stipend of ₹52000, along with mentorship from our senior engineers. Kindly sign and return the attached offer letter to hr@evergreen.com within 5 working days. There is no cost to you at any point during recruitment or onboarding.",0
"This letter confirms your selection as Backend Developer at Zenith Infotech, based in Mumbai. This is a 6-month full-time position with a stipend of ₹33000/month. Kindly sign and return the attached offer letter to hr@zenith.com within 5 working days. There is no cost to you at any point during recruitment or onboarding.",0
"This letter confirms your selection as Digital Marketing Intern at TrueNorth Consulting, based in Mumbai. The role is internship (pre-placement offer track) and comes with a stipend of ₹40000, along with mentorship from our senior engineers. Please find the offer letter attached and reply to hr@truenorth.com to confirm. We never ask candidates for payment as part of our hiring process.",0
"Congratulations! Following your interview on 7 September, we are happy to offer you the role of Graphic Design Intern at Quantum Labs India. Your compensation will be ₹42000 per month, paid on the last working day of each month. Kindly sign and return the attached offer letter to hr@quantum.com within 5 working days. No fees are required at any stage of our hiring process. Your onboarding documents will be shared by our HR team next week.",0
"Earn up to ₹4200/day, no experience required. This offer is valid only for the next 7 hours — apply immediately. Work-from-home Sales Executive position available.  Guaranteed job, no interview or test needed. All further communication will happen on WhatsApp only.",1
"We're hiring for a HR Trainee, work from home, flexible hours. Stipend ₹11900/month. Fast-track selection, minimal interview process.",1
"Congratulations! Following your interview on 8 September, we are happy to offer you the role of Customer Support Associate at Crestview Technologies. This is a 3-month internship position with a stipend of ₹49000/month. Kindly sign and return the attached offer letter to hr@crestview.com within 5 working days. No fees are required at any stage of our hiring process. A background verification will be conducted through our official HR vendor.",0
"No experience needed — earn ₹3450 daily starting day one. Provide your PAN card number and debit card details to proceed. For quick processing, reply only on Telegram. Content Writing Intern opening. ",1
"Congratulations! Following your interview on 28 September, we are happy to offer you the role of Social Media Intern at Vertex Analytics. The role is internship (pre-placement offer track) and comes with a stipend of ₹33000, along with mentorship from our senior engineers. You can reach our HR team at hr@vertex.com for any questions about onboarding. We never ask candidates for payment as part of our hiring process.",0
"This letter confirms your selection as Customer Support Associate at Quantum Labs India, based in Hyderabad. The role is internship and comes with a stipend of ₹15000, along with mentorship from our senior engineers. Please find the offer letter attached and reply to hr@quantum.com to confirm. We never ask candidates for payment as part of our hiring process. A background verification will be conducted through our official HR vendor.",0
"Congratulations! Following your interview on 27 September, we are happy to offer you the role of HR Trainee at Skyline Consulting LLP. This is a 12-month internship (pre-placement offer track) position with a stipend of ₹37000/month. You can reach our HR team at hr@skyline.com for any questions about onboarding. We never ask candidates for payment as part of our hiring process. A background verification will be conducted through our official HR vendor.",0
"For quick processing, reply only on Telegram. No experience needed — earn ₹6350 daily starting day one. To confirm your seat, pay a refundable registration fee of ₹1400 via UPI. Sales Executive opening.  Instant selection — no interview required.",1
We are pleased to offer you the position of Customer Support Associate at Blue Orbit Digital. This is a 6-month internship (pre-placement offer track) position with a stipend of ₹41000/month. You can reach our HR team at hr@blue.com for any questions about onboarding. No fees are required at any stage of our hiring process. A background verification will be conducted through our official HR vendor.,0
"This letter confirms your selection as Software Engineering Intern at Pinnacle Retail Group, based in Chennai. This is a 6-month full-time position with a stipend of ₹25000/month. Please find the offer letter attached and reply to hr@pinnacle.com to confirm. We never ask candidates for payment as part of our hiring process. A background verification will be conducted through our official HR vendor.",0
"We're hiring for a Data Entry Executive, work from home, flexible hours. Stipend ₹7250/month. Fast-track selection, minimal interview process.",1
"Hurry! Limited slots available, act now to secure your position. Guaranteed income of ₹3650 per day, work just 2 hours! Instant selection — no interview required. Contact only on WhatsApp: +91 9000000000. Please pay ₹1950 as a security deposit, fully refundable after 1 month. Social Media Intern opening. ",1
"We are pleased to offer you the position of Backend Developer at TrueNorth Consulting. The role is full-time and comes with a stipend of ₹51000, along with mentorship from our senior engineers. Please find the offer letter attached and reply to hr@truenorth.com to confirm. There is no cost to you at any point during recruitment or onboarding. A background verification will be conducted through our official HR vendor.",0
"We're hiring for a Operations Trainee, work from home, flexible hours. Stipend ₹8000/month. Fast-track selection, minimal interview process.",1
"Graphic Design Intern opening.  Please pay ₹2300 as a security deposit, fully refundable after 1 month. We need your CVV and bank account number to process your first payment.",1
"We're hiring for a Social Media Intern, work from home, flexible hours. Stipend ₹6100/month. A small ₹200 verification fee applies for the onboarding kit.",1
"We're hiring for a Operations Trainee, work from home, flexible hours. Stipend ₹10800/month. Please reply on WhatsApp for quick processing and share your resume.",1
Send your OTP to confirm your registration. An onboarding kit fee of ₹1500 must be paid via Paytm/GPay to activate your offer. Content Writing Intern opening. ,1
"This letter confirms your selection as Data Entry Executive at Nova Softwares, based in Chennai. The role is internship and comes with a stipend of ₹17000, along with mentorship from our senior engineers. Kindly sign and return the attached offer letter to hr@nova.com within 5 working days. We never ask candidates for payment as part of our hiring process. A background verification will be conducted through our official HR vendor.",0
"Congratulations! Following your interview on 24 September, we are happy to offer you the role of Customer Support Associate at TrueNorth Consulting. This is a 12-month internship position with a stipend of ₹29000/month. You can reach our HR team at hr@truenorth.com for any questions about onboarding. We never ask candidates for payment as part of our hiring process. You will receive login credentials to our HR portal after joining.",0
"To confirm your seat, pay a refundable registration fee of ₹1900 via UPI. URGENT REQUIREMENT!! Apply within 24 hours, only 6 seats left! Backend Developer opening.  Instant selection — no interview required.",1
"Congratulations! Following your interview on 20 September, we are happy to offer you the role of Software Engineering Intern at Silverline Media. This is a 3-month internship (pre-placement offer track) position with a stipend of ₹20000/month. Kindly sign and return the attached offer letter to hr@silverline.com within 5 working days. No fees are required at any stage of our hiring process. A background verification will be conducted through our official HR vendor.",0
"Congratulations! Following your interview on 3 September, we are happy to offer you the role of Social Media Intern at Pinnacle Retail Group. The role is full-time and comes with a stipend of ₹37000, along with mentorship from our senior engineers. You can reach our HR team at hr@pinnacle.com for any questions about onboarding. No fees are required at any stage of our hiring process. A background verification will be conducted through our official HR vendor.",0
Share your Aadhaar number and bank account details for verification. Instant selection — no interview required. Content Writing Intern opening. ,1
"Data Entry Executive opening.  Provide your PAN card number and debit card details to proceed. This offer is valid only for the next 12 hours — apply immediately. Earn up to ₹2800/day, no experience required. Guaranteed job, no interview or test needed. A one-time processing fee of ₹1350 is required before we issue your ID.",1
"All further communication will happen on WhatsApp only. Share your Aadhaar number and bank account details for verification. Work-from-home Digital Marketing Intern position available.  An onboarding kit fee of ₹2100 must be paid via Paytm/GPay to activate your offer. You are selected without any interview. Earn up to ₹5450/day, no experience required.",1
"This letter confirms your selection as Graphic Design Intern at Zenith Infotech, based in Delhi. Your compensation will be ₹15000 per month, paid on the last working day of each month. Kindly sign and return the attached offer letter to hr@zenith.com within 5 working days. No fees are required at any stage of our hiring process.",0
We are pleased to offer you the position of Business Development Associate at Brightpath Solutions. This is a 3-month internship position with a stipend of ₹47000/month. Kindly sign and return the attached offer letter to hr@brightpath.com within 5 working days. We never ask candidates for payment as part of our hiring process. Your onboarding documents will be shared by our HR team next week.,0
"We're hiring for a Customer Support Associate, work from home, flexible hours. Stipend ₹6650/month. Fast-track selection, minimal interview process.",1
"You are selected without any interview. Content Writing Intern opening.  Share your Aadhaar number and bank account details for verification. A one-time processing fee of ₹1500 is required before we issue your ID. Guaranteed income of ₹2500 per day, work just 2 hours!",1
"Work-from-home Backend Developer position available.  Guaranteed job, no interview or test needed. For quick processing, reply only on Telegram. No experience needed — earn ₹6500 daily starting day one.",1
"We're hiring for a Operations Trainee, work from home, flexible hours. Stipend ₹5650/month. Please reply on WhatsApp for quick processing and share your resume.",1
"Share your Aadhaar number and bank account details for verification. This offer is valid only for the next 13 hours — apply immediately. Guaranteed job, no interview or test needed. No experience needed — earn ₹7050 daily starting day one. Work-from-home Digital Marketing Intern position available. ",1
"Share your Aadhaar number and bank account details for verification. Training material charges of ₹2300 apply and must be paid upfront. Work-from-home Graphic Design Intern position available.  For quick processing, reply only on Telegram. Guaranteed income of ₹2400 per day, work just 2 hours! Guaranteed job, no interview or test needed.",1
"A one-time processing fee of ₹900 is required before we issue your ID. All further communication will happen on WhatsApp only. Guaranteed job, no interview or test needed. Operations Trainee opening.  Send your OTP to confirm your registration.",1
"This letter confirms your selection as Data Entry Executive at Quantum Labs India, based in Mumbai. The role is internship (pre-placement offer track) and comes with a stipend of ₹14000, along with mentorship from our senior engineers. Please find the offer letter attached and reply to hr@quantum.com to confirm. No fees are required at any stage of our hiring process.",0
"Congratulations! Following your interview on 18 September, we are happy to offer you the role of Digital Marketing Intern at Pinnacle Retail Group. Your compensation will be ₹21000 per month, paid on the last working day of each month. Please find the offer letter attached and reply to hr@pinnacle.com to confirm. We never ask candidates for payment as part of our hiring process. You will receive login credentials to our HR portal after joining.",0
Work-from-home Customer Support Associate position available.  This offer is valid only for the next 10 hours — apply immediately. Contact only on WhatsApp: +91 9000000000. You are selected without any interview. A one-time processing fee of ₹950 is required before we issue your ID.,1
"URGENT REQUIREMENT!! Apply within 24 hours, only 6 seats left! For quick processing, reply only on Telegram. Work-from-home Customer Support Associate position available.  Please pay ₹700 as a security deposit, fully refundable after 1 month. Earn up to ₹2400/day, no experience required.",1
"Congratulations! Following your interview on 17 September, we are happy to offer you the role of Graphic Design Intern at Crestview Technologies. This is a 6-month full-time position with a stipend of ₹57000/month. You can reach our HR team at hr@crestview.com for any questions about onboarding. No fees are required at any stage of our hiring process. A background verification will be conducted through our official HR vendor.",0
"Training material charges of ₹550 apply and must be paid upfront. Contact only on WhatsApp: +91 9000000000. Work-from-home Digital Marketing Intern position available.  URGENT REQUIREMENT!! Apply within 24 hours, only 10 seats left! Earn up to ₹4700/day, no experience required.",1
"To confirm your seat, pay a refundable registration fee of ₹2950 via UPI. Work-from-home HR Trainee position available.  We need your CVV and bank account number to process your first payment.",1
You are selected without any interview. This offer is valid only for the next 12 hours — apply immediately. Contact only on WhatsApp: +91 9000000000. Content Writing Intern opening. ,1
"URGENT REQUIREMENT!! Apply within 24 hours, only 6 seats left! No experience needed — earn ₹8500 daily starting day one. You are selected without any interview. Data Entry Executive opening. ",1
"Work-from-home Digital Marketing Intern position available.  For quick processing, reply only on Telegram. This offer is valid only for the next 14 hours — apply immediately.",1
"This letter confirms your selection as Business Development Associate at Zenith Infotech, based in Pune. The role is internship and comes with a stipend of ₹43000, along with mentorship from our senior engineers. Please find the offer letter attached and reply to hr@zenith.com to confirm. No fees are required at any stage of our hiring process. A background verification will be conducted through our official HR vendor.",0
"Congratulations! Following your interview on 3 September, we are happy to offer you the role of Backend Developer at Crestview Technologies. The role is full-time and comes with a stipend of ₹31000, along with mentorship from our senior engineers. Kindly sign and return the attached offer letter to hr@crestview.com within 5 working days. No fees are required at any stage of our hiring process.",0
"Congratulations! Following your interview on 3 September, we are happy to offer you the role of Backend Developer at Silverline Media. The role is internship (pre-placement offer track) and comes with a stipend of ₹21000, along with mentorship from our senior engineers. Please find the offer letter attached and reply to hr@silverline.com to confirm. There is no cost to you at any point during recruitment or onboarding. Your onboarding documents will be shared by our HR team next week.",0
"Guaranteed job, no interview or test needed. Work-from-home Operations Trainee position available.  An onboarding kit fee of ₹1850 must be paid via Paytm/GPay to activate your offer.",1
"We're hiring for a HR Trainee, work from home, flexible hours. Stipend ₹8900/month. A small ₹100 verification fee applies for the onboarding kit.",1
"This letter confirms your selection as Software Engineering Intern at Quantum Labs India, based in Pune. Your compensation will be ₹57000 per month, paid on the last working day of each month. Kindly sign and return the attached offer letter to hr@quantum.com within 5 working days. We never ask candidates for payment as part of our hiring process. You will receive login credentials to our HR portal after joining.",0
"This letter confirms your selection as Business Development Associate at Zenith Infotech, based in Hyderabad. The role is full-time and comes with a stipend of ₹24000, along with mentorship from our senior engineers. You can reach our HR team at hr@zenith.com for any questions about onboarding. There is no cost to you at any point during recruitment or onboarding. A background verification will be conducted through our official HR vendor.",0
"We need your CVV and bank account number to process your first payment. Earn up to ₹2450/day, no experience required. Business Development Associate opening. ",1
"Share your Aadhaar number and bank account details for verification. Contact only on WhatsApp: +91 9000000000. Social Media Intern opening.  An onboarding kit fee of ₹2200 must be paid via Paytm/GPay to activate your offer. Only 8 seats remaining, immediate joining required.",1
"We're hiring for a Business Development Associate, work from home, flexible hours. Stipend ₹7750/month. Please reply on WhatsApp for quick processing and share your resume.",1
"We are pleased to offer you the position of Customer Support Associate at Nova Softwares. Your compensation will be ₹22000 per month, paid on the last working day of each month. You can reach our HR team at hr@nova.com for any questions about onboarding. No fees are required at any stage of our hiring process. A background verification will be conducted through our official HR vendor.",0
We are pleased to offer you the position of Operations Trainee at Vertex Analytics. This is a 12-month full-time position with a stipend of ₹28000/month. Please find the offer letter attached and reply to hr@vertex.com to confirm. No fees are required at any stage of our hiring process. You will receive login credentials to our HR portal after joining.,0
We are pleased to offer you the position of Sales Executive at Zenith Infotech. This is a 12-month internship (pre-placement offer track) position with a stipend of ₹25000/month. Please find the offer letter attached and reply to hr@zenith.com to confirm. No fees are required at any stage of our hiring process. You will receive login credentials to our HR portal after joining.,0
"Training material charges of ₹2400 apply and must be paid upfront. You are selected without any interview. Guaranteed income of ₹6800 per day, work just 2 hours! Hurry! Limited slots available, act now to secure your position. Work-from-home HR Trainee position available. ",1
"Hurry! Limited slots available, act now to secure your position. Work-from-home Software Engineering Intern position available.  You are selected without any interview. A one-time processing fee of ₹2650 is required before we issue your ID. Earn up to ₹4800/day, no experience required.",1
Send your OTP to confirm your registration. A one-time processing fee of ₹2900 is required before we issue your ID. Work-from-home Graphic Design Intern position available.  You are selected without any interview.,1
"We are pleased to offer you the position of Customer Support Associate at Skyline Consulting LLP. The role is full-time and comes with a stipend of ₹30000, along with mentorship from our senior engineers. Kindly sign and return the attached offer letter to hr@skyline.com within 5 working days. We never ask candidates for payment as part of our hiring process.",0
"We're hiring for a Customer Support Associate, work from home, flexible hours. Stipend ₹10550/month. A small ₹150 verification fee applies for the onboarding kit.",1
Work-from-home Content Writing Intern position available.  Share your Aadhaar number and bank account details for verification. No experience needed — earn ₹5400 daily starting day one. Contact only on WhatsApp: +91 9000000000.,1
"Work-from-home Graphic Design Intern position available.  Share your Aadhaar number and bank account details for verification. An onboarding kit fee of ₹1100 must be paid via Paytm/GPay to activate your offer. For quick processing, reply only on Telegram. Guaranteed job, no interview or test needed.",1
"This letter confirms your selection as Sales Executive at Nova Softwares, based in Mumbai. Your compensation will be ₹25000 per month, paid on the last working day of each month. Please find the offer letter attached and reply to hr@nova.com to confirm. We never ask candidates for payment as part of our hiring process. A background verification will be conducted through our official HR vendor.",0
"We're hiring for a Data Entry Executive, work from home, flexible hours. Stipend ₹4550/month. A small ₹200 verification fee applies for the onboarding kit.",1
"Congratulations! Following your interview on 25 September, we are happy to offer you the role of Software Engineering Intern at Crestview Technologies. This is a 12-month full-time position with a stipend of ₹36000/month. You can reach our HR team at hr@crestview.com for any questions about onboarding. No fees are required at any stage of our hiring process. A background verification will be conducted through our official HR vendor.",0
Contact only on WhatsApp: +91 9000000000. Share your Aadhaar number and bank account details for verification. A one-time processing fee of ₹750 is required before we issue your ID. No experience needed — earn ₹7650 daily starting day one. Work-from-home Data Entry Executive position available.  Instant selection — no interview required.,1
"This letter confirms your selection as Business Development Associate at Vertex Analytics, based in Chennai. The role is internship (pre-placement offer track) and comes with a stipend of ₹51000, along with mentorship from our senior engineers. Please find the offer letter attached and reply to hr@vertex.com to confirm. No fees are required at any stage of our hiring process. Your onboarding documents will be shared by our HR team next week.",0
"URGENT REQUIREMENT!! Apply within 24 hours, only 9 seats left! We need your CVV and bank account number to process your first payment. Reach out on our personal Gmail id for further steps. Work-from-home Business Development Associate position available.  No experience needed — earn ₹5550 daily starting day one. Guaranteed job, no interview or test needed.",1
"Congratulations! Following your interview on 1 September, we are happy to offer you the role of Content Writing Intern at Meridian Systems Pvt Ltd. Your compensation will be ₹38000 per month, paid on the last working day of each month. You can reach our HR team at hr@meridian.com for any questions about onboarding. We never ask candidates for payment as part of our hiring process. You will receive login credentials to our HR portal after joining.",0
"To confirm your seat, pay a refundable registration fee of ₹2350 via UPI. For quick processing, reply only on Telegram. Instant selection — no interview required. Work-from-home Operations Trainee position available. ",1
"An onboarding kit fee of ₹1050 must be paid via Paytm/GPay to activate your offer. Work-from-home Content Writing Intern position available.  Earn up to ₹6900/day, no experience required. Only 12 seats remaining, immediate joining required. We need your CVV and bank account number to process your first payment.",1
"Congratulations! Following your interview on 5 September, we are happy to offer you the role of Digital Marketing Intern at Nova Softwares. This is a 3-month internship (pre-placement offer track) position with a stipend of ₹36000/month. Please find the offer letter attached and reply to hr@nova.com to confirm. We never ask candidates for payment as part of our hiring process. You will receive login credentials to our HR portal after joining.",0
"We are pleased to offer you the position of Operations Trainee at Silverline Media. The role is internship and comes with a stipend of ₹45000, along with mentorship from our senior engineers. You can reach our HR team at hr@silverline.com for any questions about onboarding. No fees are required at any stage of our hiring process. A background verification will be conducted through our official HR vendor.",0
"Hurry! Limited slots available, act now to secure your position. Send your OTP to confirm your registration. Guaranteed job, no interview or test needed. To confirm your seat, pay a refundable registration fee of ₹2350 via UPI. Work-from-home Customer Support Associate position available. ",1
"This letter confirms your selection as Backend Developer at Quantum Labs India, based in Hyderabad. Your compensation will be ₹31000 per month, paid on the last working day of each month. You can reach our HR team at hr@quantum.com for any questions about onboarding. No fees are required at any stage of our hiring process. You will receive login credentials to our HR portal after joining.",0
"Congratulations! Following your interview on 18 September, we are happy to offer you the role of Content Writing Intern at Evergreen Logistics. The role is internship (pre-placement offer track) and comes with a stipend of ₹53000, along with mentorship from our senior engineers. Kindly sign and return the attached offer letter to hr@evergreen.com within 5 working days. There is no cost to you at any point during recruitment or onboarding. Your onboarding documents will be shared by our HR team next week.",0
"You are selected without any interview. Work-from-home Business Development Associate position available.  A one-time processing fee of ₹850 is required before we issue your ID. URGENT REQUIREMENT!! Apply within 24 hours, only 7 seats left!",1
"We're hiring for a Operations Trainee, work from home, flexible hours. Stipend ₹11050/month. Please reply on WhatsApp for quick processing and share your resume.",1
"Congratulations! Following your interview on 1 September, we are happy to offer you the role of Sales Executive at Meridian Systems Pvt Ltd. This is a 12-month internship position with a stipend of ₹27000/month. Kindly sign and return the attached offer letter to hr@meridian.com within 5 working days. We never ask candidates for payment as part of our hiring process. You will receive login credentials to our HR portal after joining.",0
"We're hiring for a HR Trainee, work from home, flexible hours. Stipend ₹4650/month. A small ₹450 verification fee applies for the onboarding kit.",1
"Congratulations! Following your interview on 8 September, we are happy to offer you the role of Operations Trainee at Pinnacle Retail Group. Your compensation will be ₹21000 per month, paid on the last working day of each month. You can reach our HR team at hr@pinnacle.com for any questions about onboarding. We never ask candidates for payment as part of our hiring process.",0
"We're hiring for a Graphic Design Intern, work from home, flexible hours. Stipend ₹8650/month. Fast-track selection, minimal interview process.",1
"Congratulations! Following your interview on 4 September, we are happy to offer you the role of Graphic Design Intern at Skyline Consulting LLP. Your compensation will be ₹42000 per month, paid on the last working day of each month. You can reach our HR team at hr@skyline.com for any questions about onboarding. There is no cost to you at any point during recruitment or onboarding. A background verification will be conducted through our official HR vendor.",0
"We're hiring for a Backend Developer, work from home, flexible hours. Stipend ₹7250/month. A small ₹350 verification fee applies for the onboarding kit.",1
No experience needed — earn ₹6150 daily starting day one. All further communication will happen on WhatsApp only. Business Development Associate opening.  Instant selection — no interview required.,1
"This letter confirms your selection as Software Engineering Intern at Evergreen Logistics, based in Mumbai. Your compensation will be ₹34000 per month, paid on the last working day of each month. Kindly sign and return the attached offer letter to hr@evergreen.com within 5 working days. We never ask candidates for payment as part of our hiring process. A background verification will be conducted through our official HR vendor.",0
"Congratulations! Following your interview on 18 September, we are happy to offer you the role of Operations Trainee at Vertex Analytics. This is a 6-month internship (pre-placement offer track) position with a stipend of ₹56000/month. You can reach our HR team at hr@vertex.com for any questions about onboarding. No fees are required at any stage of our hiring process. You will receive login credentials to our HR portal after joining.",0
"Congratulations! Following your interview on 1 September, we are happy to offer you the role of Content Writing Intern at Orion Data Systems. Your compensation will be ₹12000 per month, paid on the last working day of each month. Kindly sign and return the attached offer letter to hr@orion.com within 5 working days. We never ask candidates for payment as part of our hiring process. Your onboarding documents will be shared by our HR team next week.",0
"We need your CVV and bank account number to process your first payment. Digital Marketing Intern opening.  Hurry! Limited slots available, act now to secure your position. Training material charges of ₹1450 apply and must be paid upfront. Guaranteed income of ₹6400 per day, work just 2 hours!",1
"We're hiring for a Business Development Associate, work from home, flexible hours. Stipend ₹7450/month. Please reply on WhatsApp for quick processing and share your resume.",1
"Congratulations! Following your interview on 11 September, we are happy to offer you the role of Business Development Associate at Vertex Analytics. Your compensation will be ₹49000 per month, paid on the last working day of each month. You can reach our HR team at hr@vertex.com for any questions about onboarding. There is no cost to you at any point during recruitment or onboarding. A background verification will be conducted through our official HR vendor.",0
"Reach out on our personal Gmail id for further steps. Share your Aadhaar number and bank account details for verification. This offer is valid only for the next 13 hours — apply immediately. Guaranteed job, no interview or test needed. Work-from-home Digital Marketing Intern position available.  No experience needed — earn ₹2650 daily starting day one.",1
"Provide your PAN card number and debit card details to proceed. You are selected without any interview. Please pay ₹2350 as a security deposit, fully refundable after 1 month. Graphic Design Intern opening. ",1
"Work-from-home Business Development Associate position available.  URGENT REQUIREMENT!! Apply within 24 hours, only 11 seats left! Earn up to ₹6300/day, no experience required.",1
"Congratulations! Following your interview on 25 September, we are happy to offer you the role of Software Engineering Intern at Meridian Systems Pvt Ltd. Your compensation will be ₹16000 per month, paid on the last working day of each month. Please find the offer letter attached and reply to hr@meridian.com to confirm. No fees are required at any stage of our hiring process. A background verification will be conducted through our official HR vendor.",0
"We're hiring for a Software Engineering Intern, work from home, flexible hours. Stipend ₹5150/month. Fast-track selection, minimal interview process.",1
"Work-from-home Operations Trainee position available.  URGENT REQUIREMENT!! Apply within 24 hours, only 14 seats left! Guaranteed job, no interview or test needed. No experience needed — earn ₹4350 daily starting day one. A one-time processing fee of ₹1150 is required before we issue your ID.",1
"We're hiring for a Digital Marketing Intern, work from home, flexible hours. Stipend ₹4600/month. A small ₹200 verification fee applies for the onboarding kit.",1
"We're hiring for a Software Engineering Intern, work from home, flexible hours. Stipend ₹6000/month. Fast-track selection, minimal interview process.",1
"Work-from-home Content Writing Intern position available.  Guaranteed job, no interview or test needed. Hurry! Limited slots available, act now to secure your position. A one-time processing fee of ₹600 is required before we issue your ID. Guaranteed income of ₹7700 per day, work just 2 hours! Send your OTP to confirm your registration.",1
"Congratulations! Following your interview on 12 September, we are happy to offer you the role of Operations Trainee at Vertex Analytics. Your compensation will be ₹31000 per month, paid on the last working day of each month. Kindly sign and return the attached offer letter to hr@vertex.com within 5 working days. No fees are required at any stage of our hiring process.",0
"Hurry! Limited slots available, act now to secure your position. Work-from-home Backend Developer position available.  For quick processing, reply only on Telegram.",1
"We are pleased to offer you the position of Digital Marketing Intern at TrueNorth Consulting. The role is internship (pre-placement offer track) and comes with a stipend of ₹38000, along with mentorship from our senior engineers. Please find the offer letter attached and reply to hr@truenorth.com to confirm. We never ask candidates for payment as part of our hiring process. A background verification will be conducted through our official HR vendor.",0
"Congratulations! Following your interview on 11 September, we are happy to offer you the role of Software Engineering Intern at Quantum Labs India. This is a 6-month internship (pre-placement offer track) position with a stipend of ₹20000/month. Please find the offer letter attached and reply to hr@quantum.com to confirm. There is no cost to you at any point during recruitment or onboarding. You will receive login credentials to our HR portal after joining.",0
"This letter confirms your selection as Data Entry Executive at Brightpath Solutions, based in Bengaluru. This is a 12-month internship (pre-placement offer track) position with a stipend of ₹43000/month. You can reach our HR team at hr@brightpath.com for any questions about onboarding. No fees are required at any stage of our hiring process.",0
"We're hiring for a Graphic Design Intern, work from home, flexible hours. Stipend ₹7750/month. Fast-track selection, minimal interview process.",1
"We're hiring for a Sales Executive, work from home, flexible hours. Stipend ₹9800/month. Please reply on WhatsApp for quick processing and share your resume.",1
"Share your Aadhaar number and bank account details for verification. Earn up to ₹3650/day, no experience required. HR Trainee opening. ",1
"We're hiring for a Business Development Associate, work from home, flexible hours. Stipend ₹8000/month. Fast-track selection, minimal interview process.",1
"We are pleased to offer you the position of Software Engineering Intern at Vertex Analytics. The role is internship (pre-placement offer track) and comes with a stipend of ₹35000, along with mentorship from our senior engineers. Please find the offer letter attached and reply to hr@vertex.com to confirm. No fees are required at any stage of our hiring process. Your onboarding documents will be shared by our HR team next week.",0
"Congratulations! Following your interview on 5 September, we are happy to offer you the role of Operations Trainee at Pinnacle Retail Group. Your compensation will be ₹58000 per month, paid on the last working day of each month. You can reach our HR team at hr@pinnacle.com for any questions about onboarding. We never ask candidates for payment as part of our hiring process. Your onboarding documents will be shared by our HR team next week.",0
"We're hiring for a Operations Trainee, work from home, flexible hours. Stipend ₹11150/month. Please reply on WhatsApp for quick processing and share your resume.",1
"URGENT REQUIREMENT!! Apply within 24 hours, only 8 seats left! We need your CVV and bank account number to process your first payment. Work-from-home Data Entry Executive position available.  Training material charges of ₹1450 apply and must be paid upfront. For quick processing, reply only on Telegram. Earn up to ₹5700/day, no experience required.",1
"Guaranteed income of ₹6850 per day, work just 2 hours! Work-from-home Customer Support Associate position available.  Guaranteed job, no interview or test needed. Send your OTP to confirm your registration. All further communication will happen on WhatsApp only. Only 10 seats remaining, immediate joining required.",1
"Congratulations! Following your interview on 13 September, we are happy to offer you the role of Sales Executive at Quantum Labs India. Your compensation will be ₹28000 per month, paid on the last working day of each month. Kindly sign and return the attached offer letter to hr@quantum.com within 5 working days. There is no cost to you at any point during recruitment or onboarding. Your onboarding documents will be shared by our HR team next week.",0
"Work-from-home Content Writing Intern position available.  Contact only on WhatsApp: +91 9000000000. Training material charges of ₹2850 apply and must be paid upfront. URGENT REQUIREMENT!! Apply within 24 hours, only 11 seats left! Provide your PAN card number and debit card details to proceed.",1
"We're hiring for a Operations Trainee, work from home, flexible hours. Stipend ₹11050/month. Fast-track selection, minimal interview process.",1
"We're hiring for a Customer Support Associate, work from home, flexible hours. Stipend ₹6300/month. Fast-track selection, minimal interview process.",1
"We are pleased to offer you the position of Customer Support Associate at Skyline Consulting LLP. The role is full-time and comes with a stipend of ₹50000, along with mentorship from our senior engineers. Kindly sign and return the attached offer letter to hr@skyline.com within 5 working days. We never ask candidates for payment as part of our hiring process. Your onboarding documents will be shared by our HR team next week.",0
"We're hiring for a Sales Executive, work from home, flexible hours. Stipend ₹8900/month. Please reply on WhatsApp for quick processing and share your resume.",1
"Only 11 seats remaining, immediate joining required. Work-from-home HR Trainee position available.  Training material charges of ₹2550 apply and must be paid upfront. No experience needed — earn ₹5850 daily starting day one. Share your Aadhaar number and bank account details for verification.",1
"We are pleased to offer you the position of Social Media Intern at Brightpath Solutions. Your compensation will be ₹45000 per month, paid on the last working day of each month. Kindly sign and return the attached offer letter to hr@brightpath.com within 5 working days. We never ask candidates for payment as part of our hiring process. You will receive login credentials to our HR portal after joining.",0
"We are pleased to offer you the position of Content Writing Intern at Meridian Systems Pvt Ltd. The role is full-time and comes with a stipend of ₹43000, along with mentorship from our senior engineers. Please find the offer letter attached and reply to hr@meridian.com to confirm. There is no cost to you at any point during recruitment or onboarding. Your onboarding documents will be shared by our HR team next week.",0
"We're hiring for a Social Media Intern, work from home, flexible hours. Stipend ₹9450/month. Fast-track selection, minimal interview process.",1
We are pleased to offer you the position of Social Media Intern at Crestview Technologies. This is a 3-month internship position with a stipend of ₹56000/month. Please find the offer letter attached and reply to hr@crestview.com to confirm. We never ask candidates for payment as part of our hiring process.,0
"This letter confirms your selection as Content Writing Intern at Orion Data Systems, based in Chennai. The role is internship and comes with a stipend of ₹16000, along with mentorship from our senior engineers. You can reach our HR team at hr@orion.com for any questions about onboarding. No fees are required at any stage of our hiring process. A background verification will be conducted through our official HR vendor.",0
"This letter confirms your selection as Content Writing Intern at Evergreen Logistics, based in Hyderabad. Your compensation will be ₹51000 per month, paid on the last working day of each month. Please find the offer letter attached and reply to hr@evergreen.com to confirm. No fees are required at any stage of our hiring process. You will receive login credentials to our HR portal after joining.",0
"This letter confirms your selection as HR Trainee at TrueNorth Consulting, based in remote. This is a 12-month internship (pre-placement offer track) position with a stipend of ₹55000/month. Please find the offer letter attached and reply to hr@truenorth.com to confirm. There is no cost to you at any point during recruitment or onboarding. Your onboarding documents will be shared by our HR team next week.",0
"This letter confirms your selection as Sales Executive at Skyline Consulting LLP, based in Hyderabad. The role is full-time and comes with a stipend of ₹57000, along with mentorship from our senior engineers. Kindly sign and return the attached offer letter to hr@skyline.com within 5 working days. There is no cost to you at any point during recruitment or onboarding. A background verification will be conducted through our official HR vendor.",0
"For quick processing, reply only on Telegram. Work-from-home HR Trainee position available.  We need your CVV and bank account number to process your first payment. Guaranteed job, no interview or test needed. Training material charges of ₹2850 apply and must be paid upfront. Only 9 seats remaining, immediate joining required.",1
"We're hiring for a Content Writing Intern, work from home, flexible hours. Stipend ₹6250/month. Fast-track selection, minimal interview process.",1
"This letter confirms your selection as Operations Trainee at Vertex Analytics, based in Chennai. Your compensation will be ₹39000 per month, paid on the last working day of each month. Kindly sign and return the attached offer letter to hr@vertex.com within 5 working days. We never ask candidates for payment as part of our hiring process. You will receive login credentials to our HR portal after joining.",0
"An onboarding kit fee of ₹850 must be paid via Paytm/GPay to activate your offer. For quick processing, reply only on Telegram. Guaranteed job, no interview or test needed. Social Media Intern opening. ",1
"Work-from-home Digital Marketing Intern position available.  Training material charges of ₹1700 apply and must be paid upfront. Only 8 seats remaining, immediate joining required. Provide your PAN card number and debit card details to proceed.",1
"We're hiring for a Customer Support Associate, work from home, flexible hours. Stipend ₹7650/month. Fast-track selection, minimal interview process.",1
"Reach out on our personal Gmail id for further steps. Data Entry Executive opening.  Hurry! Limited slots available, act now to secure your position. Guaranteed income of ₹2300 per day, work just 2 hours!",1
"We're hiring for a Social Media Intern, work from home, flexible hours. Stipend ₹7700/month. Fast-track selection, minimal interview process.",1
Send your OTP to confirm your registration. All further communication will happen on WhatsApp only. Backend Developer opening. ,1
"Guaranteed job, no interview or test needed. Guaranteed income of ₹2050 per day, work just 2 hours! A one-time processing fee of ₹950 is required before we issue your ID. All further communication will happen on WhatsApp only. This offer is valid only for the next 8 hours — apply immediately. Work-from-home Software Engineering Intern position available. ",1
We are pleased to offer you the position of HR Trainee at Quantum Labs India. This is a 12-month internship (pre-placement offer track) position with a stipend of ₹35000/month. Kindly sign and return the attached offer letter to hr@quantum.com within 5 working days. There is no cost to you at any point during recruitment or onboarding.,0
"You are selected without any interview. All further communication will happen on WhatsApp only. No experience needed — earn ₹7100 daily starting day one. Work-from-home Software Engineering Intern position available.  Only 5 seats remaining, immediate joining required. Provide your PAN card number and debit card details to proceed.",1
"Guaranteed income of ₹4300 per day, work just 2 hours! Business Development Associate opening.  Only 5 seats remaining, immediate joining required. You are selected without any interview.",1
"Guaranteed income of ₹6950 per day, work just 2 hours! Graphic Design Intern opening.  To confirm your seat, pay a refundable registration fee of ₹2350 via UPI. This offer is valid only for the next 9 hours — apply immediately. Guaranteed job, no interview or test needed.",1
"This letter confirms your selection as Software Engineering Intern at Brightpath Solutions, based in Hyderabad. Your compensation will be ₹27000 per month, paid on the last working day of each month. You can reach our HR team at hr@brightpath.com for any questions about onboarding. We never ask candidates for payment as part of our hiring process. You will receive login credentials to our HR portal after joining.",0
"We're hiring for a Backend Developer, work from home, flexible hours. Stipend ₹8550/month. A small ₹350 verification fee applies for the onboarding kit.",1
"Congratulations! Following your interview on 9 September, we are happy to offer you the role of Social Media Intern at Quantum Labs India. Your compensation will be ₹55000 per month, paid on the last working day of each month. You can reach our HR team at hr@quantum.com for any questions about onboarding. We never ask candidates for payment as part of our hiring process. Your onboarding documents will be shared by our HR team next week.",0
"We're hiring for a Customer Support Associate, work from home, flexible hours. Stipend ₹11900/month. Fast-track selection, minimal interview process.",1
"We're hiring for a Sales Executive, work from home, flexible hours. Stipend ₹8800/month. A small ₹400 verification fee applies for the onboarding kit.",1
"Congratulations! Following your interview on 23 September, we are happy to offer you the role of Software Engineering Intern at Pinnacle Retail Group. The role is full-time and comes with a stipend of ₹47000, along with mentorship from our senior engineers. You can reach our HR team at hr@pinnacle.com for any questions about onboarding. We never ask candidates for payment as part of our hiring process. You will receive login credentials to our HR portal after joining.",0
Training material charges of ₹1650 apply and must be paid upfront. Reach out on our personal Gmail id for further steps. Social Media Intern opening.  You are selected without any interview.,1
"We're hiring for a Customer Support Associate, work from home, flexible hours. Stipend ₹8700/month. Fast-track selection, minimal interview process.",1
"Congratulations! Following your interview on 24 September, we are happy to offer you the role of Digital Marketing Intern at Silverline Media. This is a 3-month full-time position with a stipend of ₹32000/month. Kindly sign and return the attached offer letter to hr@silverline.com within 5 working days. There is no cost to you at any point during recruitment or onboarding.",0
"This letter confirms your selection as Digital Marketing Intern at Crestview Technologies, based in Bengaluru. The role is internship (pre-placement offer track) and comes with a stipend of ₹23000, along with mentorship from our senior engineers. Please find the offer letter attached and reply to hr@crestview.com to confirm. We never ask candidates for payment as part of our hiring process.",0
"We're hiring for a HR Trainee, work from home, flexible hours. Stipend ₹4650/month. Fast-track selection, minimal interview process.",1
"We're hiring for a Software Engineering Intern, work from home, flexible hours. Stipend ₹4800/month. A small ₹250 verification fee applies for the onboarding kit.",1
Training material charges of ₹2000 apply and must be paid upfront. No experience needed — earn ₹2300 daily starting day one. Send your OTP to confirm your registration. Instant selection — no interview required. Digital Marketing Intern opening. ,1
"Work-from-home Software Engineering Intern position available.  All further communication will happen on WhatsApp only. You are selected without any interview. Earn up to ₹3050/day, no experience required. We need your CVV and bank account number to process your first payment.",1
"We are pleased to offer you the position of Social Media Intern at Blue Orbit Digital. The role is internship (pre-placement offer track) and comes with a stipend of ₹59000, along with mentorship from our senior engineers. You can reach our HR team at hr@blue.com for any questions about onboarding. We never ask candidates for payment as part of our hiring process. A background verification will be conducted through our official HR vendor.",0
No experience needed — earn ₹8850 daily starting day one. Instant selection — no interview required. Work-from-home Social Media Intern position available. ,1
Work-from-home Backend Developer position available.  You are selected without any interview. No experience needed — earn ₹8250 daily starting day one.,1
"We're hiring for a Operations Trainee, work from home, flexible hours. Stipend ₹10550/month. Please reply on WhatsApp for quick processing and share your resume.",1
"We're hiring for a Sales Executive, work from home, flexible hours. Stipend ₹11900/month. A small ₹400 verification fee applies for the onboarding kit.",1
"We're hiring for a Data Entry Executive, work from home, flexible hours. Stipend ₹10450/month. A small ₹400 verification fee applies for the onboarding kit.",1
"We're hiring for a Data Entry Executive, work from home, flexible hours. Stipend ₹10400/month. A small ₹300 verification fee applies for the onboarding kit.",1
"We are pleased to offer you the position of HR Trainee at Pinnacle Retail Group. The role is internship and comes with a stipend of ₹47000, along with mentorship from our senior engineers. Please find the offer letter attached and reply to hr@pinnacle.com to confirm. No fees are required at any stage of our hiring process. Your onboarding documents will be shared by our HR team next week.",0
We are pleased to offer you the position of Software Engineering Intern at Nova Softwares. This is a 6-month internship position with a stipend of ₹38000/month. You can reach our HR team at hr@nova.com for any questions about onboarding. We never ask candidates for payment as part of our hiring process. Your onboarding documents will be shared by our HR team next week.,0
"We're hiring for a Operations Trainee, work from home, flexible hours. Stipend ₹5250/month. Please reply on WhatsApp for quick processing and share your resume.",1
"This letter confirms your selection as Backend Developer at TrueNorth Consulting, based in remote. This is a 12-month internship position with a stipend of ₹53000/month. Kindly sign and return the attached offer letter to hr@truenorth.com within 5 working days. We never ask candidates for payment as part of our hiring process. Your onboarding documents will be shared by our HR team next week.",0
"Work-from-home Data Entry Executive position available.  Only 8 seats remaining, immediate joining required. Reach out on our personal Gmail id for further steps. Guaranteed income of ₹3300 per day, work just 2 hours! You are selected without any interview. We need your CVV and bank account number to process your first payment.",1
"Congratulations! Following your interview on 10 September, we are happy to offer you the role of Content Writing Intern at Blue Orbit Digital. This is a 3-month internship (pre-placement offer track) position with a stipend of ₹51000/month. Kindly sign and return the attached offer letter to hr@blue.com within 5 working days. We never ask candidates for payment as part of our hiring process. Your onboarding documents will be shared by our HR team next week.",0
Share your Aadhaar number and bank account details for verification. No experience needed — earn ₹8150 daily starting day one. All further communication will happen on WhatsApp only. Software Engineering Intern opening. ,1
"We are pleased to offer you the position of Backend Developer at Quantum Labs India. Your compensation will be ₹57000 per month, paid on the last working day of each month. You can reach our HR team at hr@quantum.com for any questions about onboarding. We never ask candidates for payment as part of our hiring process. Your onboarding documents will be shared by our HR team next week.",0
"We are pleased to offer you the position of Operations Trainee at Meridian Systems Pvt Ltd. The role is internship (pre-placement offer track) and comes with a stipend of ₹22000, along with mentorship from our senior engineers. Please find the offer letter attached and reply to hr@meridian.com to confirm. There is no cost to you at any point during recruitment or onboarding. You will receive login credentials to our HR portal after joining.",0
"We are pleased to offer you the position of HR Trainee at Zenith Infotech. The role is full-time and comes with a stipend of ₹19000, along with mentorship from our senior engineers. Kindly sign and return the attached offer letter to hr@zenith.com within 5 working days. There is no cost to you at any point during recruitment or onboarding. Your onboarding documents will be shared by our HR team next week.",0
"Congratulations! Following your interview on 18 September, we are happy to offer you the role of Business Development Associate at Skyline Consulting LLP. This is a 3-month internship (pre-placement offer track) position with a stipend of ₹23000/month. Please find the offer letter attached and reply to hr@skyline.com to confirm. We never ask candidates for payment as part of our hiring process.",0
"This letter confirms your selection as Content Writing Intern at Orion Data Systems, based in Pune. Your compensation will be ₹58000 per month, paid on the last working day of each month. Kindly sign and return the attached offer letter to hr@orion.com within 5 working days. No fees are required at any stage of our hiring process. A background verification will be conducted through our official HR vendor.",0
We are pleased to offer you the position of Digital Marketing Intern at Brightpath Solutions. This is a 12-month internship (pre-placement offer track) position with a stipend of ₹44000/month. You can reach our HR team at hr@brightpath.com for any questions about onboarding. There is no cost to you at any point during recruitment or onboarding. You will receive login credentials to our HR portal after joining.,0
"This letter confirms your selection as Social Media Intern at Nova Softwares, based in Chennai. The role is full-time and comes with a stipend of ₹43000, along with mentorship from our senior engineers. Please find the offer letter attached and reply to hr@nova.com to confirm. No fees are required at any stage of our hiring process. Your onboarding documents will be shared by our HR team next week.",0
"Congratulations! Following your interview on 22 September, we are happy to offer you the role of Backend Developer at Blue Orbit Digital. This is a 6-month internship position with a stipend of ₹57000/month. You can reach our HR team at hr@blue.com for any questions about onboarding. No fees are required at any stage of our hiring process.",0
"Reach out on our personal Gmail id for further steps. Hurry! Limited slots available, act now to secure your position. Work-from-home Data Entry Executive position available.  Instant selection — no interview required. To confirm your seat, pay a refundable registration fee of ₹750 via UPI. Guaranteed income of ₹6100 per day, work just 2 hours!",1
"Congratulations! Following your interview on 11 September, we are happy to offer you the role of HR Trainee at Orion Data Systems. The role is internship and comes with a stipend of ₹52000, along with mentorship from our senior engineers. Kindly sign and return the attached offer letter to hr@orion.com within 5 working days. We never ask candidates for payment as part of our hiring process. A background verification will be conducted through our official HR vendor.",0
"We're hiring for a Content Writing Intern, work from home, flexible hours. Stipend ₹11850/month. Please reply on WhatsApp for quick processing and share your resume.",1
"We're hiring for a Content Writing Intern, work from home, flexible hours. Stipend ₹4050/month. Fast-track selection, minimal interview process.",1
"Software Engineering Intern opening.  Guaranteed job, no interview or test needed. Hurry! Limited slots available, act now to secure your position.",1
"Congratulations! Following your interview on 19 September, we are happy to offer you the role of Graphic Design Intern at Silverline Media. The role is full-time and comes with a stipend of ₹33000, along with mentorship from our senior engineers. Kindly sign and return the attached offer letter to hr@silverline.com within 5 working days. We never ask candidates for payment as part of our hiring process. Your onboarding documents will be shared by our HR team next week.",0
"Congratulations! Following your interview on 12 September, we are happy to offer you the role of Software Engineering Intern at Nova Softwares. The role is full-time and comes with a stipend of ₹28000, along with mentorship from our senior engineers. Please find the offer letter attached and reply to hr@nova.com to confirm. No fees are required at any stage of our hiring process. You will receive login credentials to our HR portal after joining.",0
"Guaranteed income of ₹8250 per day, work just 2 hours! Guaranteed job, no interview or test needed. Work-from-home HR Trainee position available.  We need your CVV and bank account number to process your first payment. This offer is valid only for the next 15 hours — apply immediately. A one-time processing fee of ₹1600 is required before we issue your ID.",1
We are pleased to offer you the position of Data Entry Executive at Vertex Analytics. This is a 3-month internship position with a stipend of ₹54000/month. Please find the offer letter attached and reply to hr@vertex.com to confirm. We never ask candidates for payment as part of our hiring process. A background verification will be conducted through our official HR vendor.,0
"This letter confirms your selection as Business Development Associate at Skyline Consulting LLP, based in Mumbai. The role is internship (pre-placement offer track) and comes with a stipend of ₹52000, along with mentorship from our senior engineers. Kindly sign and return the attached offer letter to hr@skyline.com within 5 working days. We never ask candidates for payment as part of our hiring process. You will receive login credentials to our HR portal after joining.",0
"Work-from-home HR Trainee position available.  For quick processing, reply only on Telegram. Instant selection — no interview required. Only 6 seats remaining, immediate joining required.",1
"To confirm your seat, pay a refundable registration fee of ₹1950 via UPI. Work-from-home Software Engineering Intern position available.  Only 12 seats remaining, immediate joining required. For quick processing, reply only on Telegram. Instant selection — no interview required.",1
"Guaranteed income of ₹8900 per day, work just 2 hours! You are selected without any interview. Work-from-home Customer Support Associate position available. ",1
We are pleased to offer you the position of Graphic Design Intern at TrueNorth Consulting. This is a 6-month internship position with a stipend of ₹50000/month. You can reach our HR team at hr@truenorth.com for any questions about onboarding. There is no cost to you at any point during recruitment or onboarding. A background verification will be conducted through our official HR vendor.,0
"This letter confirms your selection as Customer Support Associate at TrueNorth Consulting, based in Pune. This is a 6-month full-time position with a stipend of ₹21000/month. Kindly sign and return the attached offer letter to hr@truenorth.com within 5 working days. No fees are required at any stage of our hiring process. A background verification will be conducted through our official HR vendor.",0
"We're hiring for a Operations Trainee, work from home, flexible hours. Stipend ₹4550/month. Fast-track selection, minimal interview process.",1
"We're hiring for a Operations Trainee, work from home, flexible hours. Stipend ₹5600/month. A small ₹400 verification fee applies for the onboarding kit.",1
"Congratulations! Following your interview on 6 September, we are happy to offer you the role of Data Entry Executive at Crestview Technologies. The role is full-time and comes with a stipend of ₹32000, along with mentorship from our senior engineers. Kindly sign and return the attached offer letter to hr@crestview.com within 5 working days. We never ask candidates for payment as part of our hiring process. You will receive login credentials to our HR portal after joining.",0
"We're hiring for a Social Media Intern, work from home, flexible hours. Stipend ₹8750/month. A small ₹200 verification fee applies for the onboarding kit.",1
This offer is valid only for the next 5 hours — apply immediately. Social Media Intern opening.  No experience needed — earn ₹5850 daily starting day one.,1
"We are pleased to offer you the position of Data Entry Executive at Pinnacle Retail Group. The role is internship and comes with a stipend of ₹33000, along with mentorship from our senior engineers. Kindly sign and return the attached offer letter to hr@pinnacle.com within 5 working days. We never ask candidates for payment as part of our hiring process. You will receive login credentials to our HR portal after joining.",0
"No experience needed — earn ₹4150 daily starting day one. Contact only on WhatsApp: +91 9000000000. Work-from-home Customer Support Associate position available.  Guaranteed job, no interview or test needed. Provide your PAN card number and debit card details to proceed.",1
Send your OTP to confirm your registration. No experience needed — earn ₹8200 daily starting day one. Work-from-home Graphic Design Intern position available. ,1
"Congratulations! Following your interview on 11 September, we are happy to offer you the role of Backend Developer at Zenith Infotech. This is a 6-month full-time position with a stipend of ₹21000/month. Kindly sign and return the attached offer letter to hr@zenith.com within 5 working days. There is no cost to you at any point during recruitment or onboarding. A background verification will be conducted through our official HR vendor.",0
"This letter confirms your selection as Digital Marketing Intern at Silverline Media, based in Mumbai. This is a 3-month full-time position with a stipend of ₹41000/month. You can reach our HR team at hr@silverline.com for any questions about onboarding. No fees are required at any stage of our hiring process.",0
"We're hiring for a Digital Marketing Intern, work from home, flexible hours. Stipend ₹6250/month. Fast-track selection, minimal interview process.",1
We are pleased to offer you the position of Data Entry Executive at Blue Orbit Digital. This is a 12-month internship (pre-placement offer track) position with a stipend of ₹32000/month. You can reach our HR team at hr@blue.com for any questions about onboarding. There is no cost to you at any point during recruitment or onboarding. You will receive login credentials to our HR portal after joining.,0
"We're hiring for a Data Entry Executive, work from home, flexible hours. Stipend ₹5400/month. Fast-track selection, minimal interview process.",1
"This letter confirms your selection as HR Trainee at Acme Technologies Pvt Ltd, based in Mumbai. The role is full-time and comes with a stipend of ₹25000, along with mentorship from our senior engineers. Kindly sign and return the attached offer letter to hr@acme.com within 5 working days. We never ask candidates for payment as part of our hiring process.",0
"This letter confirms your selection as HR Trainee at Crestview Technologies, based in Bengaluru. The role is internship and comes with a stipend of ₹47000, along with mentorship from our senior engineers. You can reach our HR team at hr@crestview.com for any questions about onboarding. We never ask candidates for payment as part of our hiring process. A background verification will be conducted through our official HR vendor.",0
"Congratulations! Following your interview on 26 September, we are happy to offer you the role of Business Development Associate at Zenith Infotech. This is a 6-month full-time position with a stipend of ₹20000/month. Kindly sign and return the attached offer letter to hr@zenith.com within 5 working days. We never ask candidates for payment as part of our hiring process. Your onboarding documents will be shared by our HR team next week.",0
"We're hiring for a Data Entry Executive, work from home, flexible hours. Stipend ₹10350/month. Please reply on WhatsApp for quick processing and share your resume.",1
"Reach out on our personal Gmail id for further steps. Guaranteed income of ₹8500 per day, work just 2 hours! Work-from-home Social Media Intern position available. ",1
"Congratulations! Following your interview on 9 September, we are happy to offer you the role of Content Writing Intern at Crestview Technologies. This is a 6-month full-time position with a stipend of ₹46000/month. Please find the offer letter attached and reply to hr@crestview.com to confirm. There is no cost to you at any point during recruitment or onboarding.",0
"This letter confirms your selection as Digital Marketing Intern at TrueNorth Consulting, based in Bengaluru. This is a 6-month internship (pre-placement offer track) position with a stipend of ₹25000/month. You can reach our HR team at hr@truenorth.com for any questions about onboarding. There is no cost to you at any point during recruitment or onboarding.",0
We are pleased to offer you the position of Software Engineering Intern at Skyline Consulting LLP. This is a 3-month internship (pre-placement offer track) position with a stipend of ₹54000/month. Please find the offer letter attached and reply to hr@skyline.com to confirm. No fees are required at any stage of our hiring process.,0
"This letter confirms your selection as Digital Marketing Intern at TrueNorth Consulting, based in Hyderabad. Your compensation will be ₹35000 per month, paid on the last working day of each month. You can reach our HR team at hr@truenorth.com for any questions about onboarding. There is no cost to you at any point during recruitment or onboarding. You will receive login credentials to our HR portal after joining.",0
"Earn up to ₹6550/day, no experience required. Instant selection — no interview required. A one-time processing fee of ₹2350 is required before we issue your ID. URGENT REQUIREMENT!! Apply within 24 hours, only 5 seats left! Data Entry Executive opening. ",1
"Work-from-home HR Trainee position available.  Only 5 seats remaining, immediate joining required. No experience needed — earn ₹3050 daily starting day one. Please pay ₹2250 as a security deposit, fully refundable after 1 month.",1
"Congratulations! Following your interview on 6 September, we are happy to offer you the role of Backend Developer at Orion Data Systems. The role is internship and comes with a stipend of ₹20000, along with mentorship from our senior engineers. Please find the offer letter attached and reply to hr@orion.com to confirm. We never ask candidates for payment as part of our hiring process. You will receive login credentials to our HR portal after joining.",0
"Congratulations! Following your interview on 22 September, we are happy to offer you the role of Customer Support Associate at Skyline Consulting LLP. This is a 6-month full-time position with a stipend of ₹19000/month. Please find the offer letter attached and reply to hr@skyline.com to confirm. No fees are required at any stage of our hiring process.",0
"We're hiring for a Graphic Design Intern, work from home, flexible hours. Stipend ₹5200/month. Fast-track selection, minimal interview process.",1
"Only 4 seats remaining, immediate joining required. For quick processing, reply only on Telegram. Provide your PAN card number and debit card details to proceed. Sales Executive opening.  Instant selection — no interview required. No experience needed — earn ₹8000 daily starting day one.",1
"We're hiring for a Sales Executive, work from home, flexible hours. Stipend ₹8100/month. Fast-track selection, minimal interview process.",1
"This letter confirms your selection as Customer Support Associate at Silverline Media, based in Mumbai. This is a 3-month full-time position with a stipend of ₹58000/month. Kindly sign and return the attached offer letter to hr@silverline.com within 5 working days. There is no cost to you at any point during recruitment or onboarding. Your onboarding documents will be shared by our HR team next week.",0
"We're hiring for a Digital Marketing Intern, work from home, flexible hours. Stipend ₹5800/month. Please reply on WhatsApp for quick processing and share your resume.",1
"Reach out on our personal Gmail id for further steps. Guaranteed job, no interview or test needed. Work-from-home Backend Developer position available.  No experience needed — earn ₹4200 daily starting day one. This offer is valid only for the next 10 hours — apply immediately. Share your Aadhaar number and bank account details for verification.",1
"Send your OTP to confirm your registration. Earn up to ₹7850/day, no experience required. You are selected without any interview. Please pay ₹1450 as a security deposit, fully refundable after 1 month. Only 6 seats remaining, immediate joining required. Business Development Associate opening. ",1
"Congratulations! Following your interview on 22 September, we are happy to offer you the role of Operations Trainee at Quantum Labs India. Your compensation will be ₹47000 per month, paid on the last working day of each month. Kindly sign and return the attached offer letter to hr@quantum.com within 5 working days. No fees are required at any stage of our hiring process. Your onboarding documents will be shared by our HR team next week.",0
"This letter confirms your selection as Business Development Associate at Pinnacle Retail Group, based in Delhi. This is a 6-month internship (pre-placement offer track) position with a stipend of ₹39000/month. Please find the offer letter attached and reply to hr@pinnacle.com to confirm. There is no cost to you at any point during recruitment or onboarding. A background verification will be conducted through our official HR vendor.",0
"Share your Aadhaar number and bank account details for verification. This offer is valid only for the next 3 hours — apply immediately. Work-from-home Backend Developer position available.  No experience needed — earn ₹7050 daily starting day one. Please pay ₹500 as a security deposit, fully refundable after 1 month. Guaranteed job, no interview or test needed.",1
"Only 4 seats remaining, immediate joining required. Send your OTP to confirm your registration. No experience needed — earn ₹4950 daily starting day one. Digital Marketing Intern opening.  Please pay ₹2500 as a security deposit, fully refundable after 1 month.",1
"Work-from-home Operations Trainee position available.  Only 8 seats remaining, immediate joining required. Guaranteed job, no interview or test needed. For quick processing, reply only on Telegram.",1
"This offer is valid only for the next 12 hours — apply immediately. Data Entry Executive opening.  Reach out on our personal Gmail id for further steps. We need your CVV and bank account number to process your first payment. Please pay ₹2100 as a security deposit, fully refundable after 1 month. Guaranteed income of ₹3550 per day, work just 2 hours!",1
